,secid,cname,cname_norm,nn_match,nn_score,nn_gvkey,nn_coname
0,8713,STANDARD MICROSYSTEMS CORP,standardmicrosystems,standardmicrosystems,100,9999.0,STANDARD MICROSYSTEMS CORP
1,5792,LUBRIZOL CORP,lubrizol,lubrizol,100,6830.0,LUBRIZOL CORP
2,7629,PROGRESS SOFTWARE CORP,progresssoftware,progresssoftware,100,24352.0,PROGRESS SOFTWARE CORP
3,9383,WENDY S ARBY S GROUP INC,wendysarbysgroup,wecenergygroup,67,11550.0,WEC ENERGY GROUP INC
4,2429,ARTESYN TECHNOLOGIES INC,artesyntechnologies,artesyntechnologies,100,3333.0,ARTESYN TECHNOLOGIES INC
5,7040,OSTEOTECH INC,osteotech,osteotech,100,24198.0,OSTEOTECH INC
6,2149,CHURCH & DWIGHT CO INC,churchdwightcompany,churchdwight,77,3026.0,CHURCH & DWIGHT INC
7,6094,MEDICIS PHARMACEUTICAL CORP,medicispharmaceutical,medicispharmaceutcp,90,21186.0,MEDICIS PHARMACEUT CP  -CL A
8,9429,TUPPERWARE BRANDS CORP,tupperwarebrands,tupperwarebrands,100,62897.0,TUPPERWARE BRANDS CORP
9,4891,ITT CORP,itt,itt,100,,
10,7828,RAYONIER INC,rayonier,rayonier,100,5862.0,RAYONIER INC
11,1686,CSG SYSTEMS INTERNATIONAL INC,csgsystemsinternational,analystsinternational,77,1634.0,ANALYSTS INTERNATIONAL CORP
12,19079,SONIC AUTOMOTIVE INC,sonicautomotive,sonicautomotiveinc,91,65831.0,SONIC AUTOMOTIVE INC  -CL A
13,8744,STARWOOD HOTELS & RESORTS WORLDWIDE INC,starwoodhotelsresortsworldwide,starwoodhotelsresortswrld,91,5723.0,STARWOOD HOTELS&RESORTS WRLD
14,4657,HERSHEY CO,hersheycompany,hersheycompany,100,5597.0,HERSHEY CO
15,9451,GRAFTECH INTERNATIONAL LTD,graftechinternational,graftechinternational,100,61153.0,GRAFTECH INTERNATIONAL LTD
16,5615,ESTEE LAUDER COS INC,esteelaudercos,esteelaudercompanies,82,61567.0,ESTEE LAUDER COMPANIES INC
17,7929,AUTONATION INC DE,autonationincde,autonation,80,9063.0,AUTONATION INC
18,1467,BORGWARNER INC,borgwarner,borgwarner,100,28742.0,BORGWARNER INC
19,178,A S V INC,asv,asv,100,30584.0,A S V INC
20,2668,CRYOLIFE INC,cryolife,chrysler,62,3022.0,CHRYSLER CORP
21,7625,PRGX GLOBAL INC,prgxglobal,prgxglobal,100,62494.0,PRGX GLOBAL INC
22,3009,DOLLAR TREE INC,dollartree,dollartree,100,31587.0,DOLLAR TREE INC
23,9113,TELLABS INC,tellabs,tellabs,100,10420.0,TELLABS INC
24,9218,3D SYSTEMS CORP,3dsystems,3dsystems,100,14898.0,3D SYSTEMS CORP
25,247,ACTEL CORP,actel,actel,100,28678.0,ACTEL CORP
26,19726,MERCURY SYSTEMS INC,mercurysystems,mercurysystems,100,66393.0,MERCURY SYSTEMS INC
27,10496,MARTIN MARIETTA MATERIALS INC,martinmariettamaterials,martinmariettamaterials,100,29733.0,MARTIN MARIETTA MATERIALS
28,2065,CHARMING SHOPPES INC,charmingshoppes,charmingshoppes,100,2938.0,CHARMING SHOPPES INC
29,7217,PARKER HANNIFIN CORP,parkerhannifin,parkerhannifin,100,8358.0,PARKER-HANNIFIN CORP
30,2871,DELL INC,dell,deluxe,60,3863.0,DELUXE CORP
31,2794,DARDEN RESTAURANTS INC,dardenrestaurants,dardenrestaurants,100,31846.0,DARDEN RESTAURANTS INC
32,24330,F5 NETWORKS INC,f5networks,baynetworks,76,24357.0,BAY NETWORKS INC
33,1212,BARNES & NOBLE INC,barnesnoble,barnesnoble,100,28924.0,BARNES & NOBLE INC
34,6753,NORDSON CORP,nordson,nordson,100,7921.0,NORDSON CORP
35,18921,OSI SYSTEMS INC,osisystems,osisystems,100,65607.0,OSI SYSTEMS INC
36,787,ANN INC,ann,ann,100,21828.0,ANN INC
37,9281,DAVITA HEALTHCARE PARTNERS INC,davitahealthcarepartners,acadiahealthcarecompany,68,192255.0,ACADIA HEALTHCARE CO INC
38,6160,MERISEL INC,merisel,merisel,100,14895.0,MERISEL INC
39,12514,POLO RALPH LAUREN CORP,poloralphlauren,ralphlauren,85,64891.0,RALPH LAUREN CORP
40,7013,O REILLY AUTOMOTIVE INC,oreillyautomotive,oreillyautomotive,100,28180.0,O'REILLY AUTOMOTIVE INC
41,24751,INTERNAP NETWORK SERVICES CORP,internapnetworkservices,pioneerenergyservices,68,9835.0,PIONEER ENERGY SERVICES CORP
42,3236,ELKCORP,elkcorp,elkcorp,100,4251.0,ELKCORP
43,6401,MONRO MUFFLER BRAKE INC,monromufflerbrake,monsterbeverage,56,24316.0,MONSTER BEVERAGE CORP
44,25571,KRISPY KREME DOUGHNUTS INC,krispykremedoughnuts,krispykreme,71,133767.0,KRISPY KREME INC
45,8474,SIMPSON MANUFACTURING CO INC,simpsonmanufacturingcompany,modinemanufacturingcompany,87,7486.0,MODINE MANUFACTURING CO
46,3261,ELECTRONICS FOR IMAGING INC,electronicsforimaging,electronicsforimaging,100,25774.0,ELECTRONICS FOR IMAGING INC
47,4922,IMMUCOR INC,immucor,immucor,100,11914.0,IMMUCOR INC
48,1499,BRADLEY PHARMACEUTICALS INC,bradleypharmaceuticals,bradleypharmaceuticl,95,24689.0,BRADLEY PHARMACEUTICL  -CL A
49,6706,NEWELL RUBBERMAID INC,newellrubbermaid,rubbermaid,77,9280.0,RUBBERMAID INC
50,25866,CALIFORNIA PIZZA KITCHEN INC,californiapizzakitchen,californiapizzakitchen,100,138321.0,CALIFORNIA PIZZA KITCHEN INC
51,8718,STANDEX INTERNATIONAL CORP,standexinternational,standexinternational,100,10008.0,STANDEX INTERNATIONAL CORP
52,26331,MONSANTO CO NEW,monsantoconew,monsantocompany,79,140760.0,MONSANTO CO
53,7047,OUTBACK STEAKHOUSE INC,outbacksteakhouse,lonestarsteakhousesaloon,63,25025.0,LONE STAR STEAKHOUSE SALOON
54,24553,LENNOX INTERNATIONAL INC,lennoxinternational,lennoxinternational,100,122380.0,LENNOX INTERNATIONAL INC
55,23392,BLUCORA INC,blucora,blucora,100,116772.0,BLUCORA INC
56,2360,COMMONWEALTH INDUSTRIES INC DE,commonwealthindustriesincde,commonwealthindustries,90,31600.0,COMMONWEALTH INDUSTRIES INC
57,9141,TEREX CORP,terex,aeroflex,62,1056.0,AEROFLEX INC
58,5694,LIFECELL CORP,lifecell,lifecell,100,24982.0,LIFECELL CORP
59,3059,E I DU PONT DE NEMOURS & CO,eidupontdenemourscompany,dupontdenemours,77,4060.0,DUPONT DE NEMOURS INC
60,11920,GUITAR CENTER INC,guitarcenter,guitarcenter,100,64486.0,GUITAR CENTER INC
61,1026,AUTOZONE INC,autozone,autozone,100,23809.0,AUTOZONE INC
62,4749,HORMEL FOODS CORP,hormelfoods,hormelfoods,100,5709.0,HORMEL FOODS CORP
63,25870,SPARTAN STORES INC,spartanstores,stagestores,75,63874.0,STAGE STORES INC
64,23629,MANNATECH INC,mannatech,mannatech,100,112968.0,MANNATECH INC
65,4664,HI TECH PHARMACAL CO INC,hitechpharmacalcompany,hitechpharmacalcompany,100,25623.0,HI TECH PHARMACAL CO INC
66,25925,MEDICINES CO,medicinescompany,americanstorescompany,76,1573.0,AMERICAN STORES CO
67,22896,ELECTRONICS BOUTIQUE HOLDINGS CORP,electronicsboutiqueholdings,electronicsboutiquehldgcp,88,112775.0,ELECTRONICS BOUTIQUE HLDG CP
68,27076,JOY GLOBAL INC,joyglobal,joyglobal,100,13003.0,JOY GLOBAL INC
69,6116,MEDTRONIC INC,medtronic,medtronic,100,7228.0,MEDTRONIC PLC
70,27299,AMN HEALTHCARE SERVICES INC,amnhealthcareservices,amnhealthcareservices,100,144520.0,AMN HEALTHCARE SERVICES INC
71,10139,WOODWARD INC,woodward,woodward,100,11580.0,WOODWARD INC
72,24988,AGILENT TECHNOLOGIES INC,agilenttechnologies,agilenttechnologies,100,126554.0,AGILENT TECHNOLOGIES INC
73,5358,JUNO LIGHTING INC,junolighting,junolighting,100,6297.0,JUNO LIGHTING INC
74,947,ASTEC INDUSTRIES INC,astecindustries,astecindustries,100,12262.0,ASTEC INDUSTRIES INC
75,18993,ATMI INC,atmi,atmi,100,29274.0,ATMI INC
76,2031,CERNER CORP,cerner,cerner,100,12850.0,CERNER CORP
77,5158,INTERNATIONAL FLAVORS & FRAGRANCES INC,internationalflavorsfragrances,intlflavorsfragrances,82,6078.0,INTL FLAVORS & FRAGRANCES
78,5646,LEGGETT & PLATT INC,leggettplatt,leggettplatt,100,6649.0,LEGGETT & PLATT INC
79,6874,OM GROUP INC,omgroup,omgroup,100,29001.0,OM GROUP INC
80,6001,MATERIAL SCIENCES CORP,materialsciences,materialsciences,100,7107.0,MATERIAL SCIENCES CORP
81,923,ASHLAND INC NEW,ashlandincnew,atlanticenergy,59,1843.0,ATLANTIC ENERGY INC
82,7988,RIGHT MANAGEMENT CONSULTANTS INC,rightmanagementconsultants,wastemanagementincold,60,11306.0,WASTE MANAGEMENT INC-OLD
83,9275,TORO CO,torocompany,torocompany,100,10618.0,TORO CO
84,6729,99 CENTS ONLY STORES,99centsonlystores,factory2ustores,62,13842.0,FACTORY 2-U STORES INC
85,27488,MEADWESTVACO CORP,meadwestvaco,meadwestvaco,100,11446.0,MEADWESTVACO CORP
86,10835,VERTRO INC,vertro,vertro,100,62388.0,VERTRO INC
87,6134,MENTOR CORP MINN,mentorcorpminn,centocor,64,2846.0,CENTOCOR INC
88,24634,QUEST SOFTWARE INC,questsoftware,questsoftware,100,122921.0,QUEST SOFTWARE INC
89,10563,KROLL INC,kroll,kroll,100,63980.0,KROLL INC
90,6726,NIKE INC,nike,nikeinc,73,7906.0,NIKE INC  -CL B
91,3853,FLEMING COS INC,flemingcos,flemingcompanies,77,4769.0,FLEMING COMPANIES INC
92,2974,DG FASTCHANNEL INC,dgfastchannel,datageneral,58,3760.0,DATA GENERAL CORP
93,1469,BORLAND SOFTWARE CORP,borlandsoftware,borlandsoftware,100,14268.0,BORLAND SOFTWARE CORP
94,27032,NATUS MEDICAL INC,natusmedical,natusmedical,100,144436.0,NATUS MEDICAL INC
95,6411,MOORE CORP LTD,moorecorp,sourcecorp,74,61859.0,SOURCECORP INC
96,1238,BAXTER INTERNATIONAL INC,baxterinternational,baxterinternational,100,2086.0,BAXTER INTERNATIONAL INC
97,8727,STAPLES INC,staples,staples,100,15521.0,STAPLES INC
98,5349,JOS A BANK CLOTHIERS INC,josabankclothiers,josabankclothiers,100,30138.0,JOS A BANK CLOTHIERS INC
99,27838,ENPRO INDUSTRIES INC,enproindustries,enproindustries,100,148950.0,ENPRO INDUSTRIES INC
100,6252,MICROCHIP TECHNOLOGY INC,microchiptechnology,microchiptechnology,100,27965.0,MICROCHIP TECHNOLOGY INC
101,21380,INTERNET SECURITY SYSTEMS INC DE,internetsecuritysystemsincde,internetsecuritysystems,90,106900.0,INTERNET SECURITY SYSTEMS
102,10068,WEYERHAEUSER CO,weyerhaeusercompany,weyerhaeusercompany,100,11456.0,WEYERHAEUSER CO
103,257,ACXIOM CORP,acxiom,aecom,73,147988.0,AECOM
104,2633,CREE INC,cree,rexel,67,11503.0,REXEL INC
105,27358,ACUITY BRANDS INC,acuitybrands,acuitybrands,100,146017.0,ACUITY BRANDS INC
106,5415,KELLOGG CO,kelloggcompany,kelloggcompany,100,6375.0,KELLOGG CO
107,19208,APPLIED MICRO CIRCUITS CORP,appliedmicrocircuits,appliedmicrocircuits,100,65904.0,APPLIED MICRO CIRCUITS CORP
108,7406,PHOTRONICS INC,photronics,photronics,100,13200.0,PHOTRONICS INC
109,24989,BLUE COAT SYSTEMS INC,bluecoatsystems,bluecoatsystems,100,126615.0,BLUE COAT SYSTEMS INC
110,7613,PROCTER & GAMBLE CO,proctergamblecompany,proctergamblecompany,100,8762.0,PROCTER & GAMBLE CO
111,4709,HOLOGIC INC,hologic,hologic,100,20904.0,HOLOGIC INC
112,5504,KROGER CO,krogercompany,krogercompany,100,6502.0,KROGER CO
113,6267,MICROSEMI CORP,microsemi,microsemi,100,7346.0,MICROSEMI CORP
114,7313,PEPSICO INC,pepsico,pepsico,100,8479.0,PEPSICO INC
115,1444,BOEING CO,boeingcompany,boeingcompany,100,2285.0,BOEING CO
116,9959,WATERS CORP NEW,waterscorpnew,aescorpthe,70,24216.0,AES CORP (THE)
117,7291,PENFORD CORP,penford,penford,100,11748.0,PENFORD CORP
118,6632,NEOGEN CORP,neogen,neogen,100,16453.0,NEOGEN CORP
119,6894,OCCIDENTAL PETROLEUM CORP,occidentalpetroleum,occidentalpetroleum,100,8068.0,OCCIDENTAL PETROLEUM CORP
120,9637,UNITED TECHNOLOGIES CORP,unitedtechnologies,lucenttechnologies,83,62599.0,LUCENT TECHNOLOGIES INC
121,9156,TEXAS INDUSTRIES INC,texasindustries,texasindustries,100,10498.0,TEXAS INDUSTRIES INC
122,6233,MICREL INC,micrel,micrel,100,31147.0,MICREL INC
123,5288,JABIL CIRCUIT INC,jabilcircuit,jabil,59,28195.0,JABIL INC
124,1213,BARNES GROUP INC,barnesgroup,barnesgroup,100,2049.0,BARNES GROUP INC
125,312,ADVANCED MICRO DEVICES INC,advancedmicrodevices,advancedmicrodevices,100,1161.0,ADVANCED MICRO DEVICES
126,25530,SILICON LABORATORIES INC,siliconlaboratories,siliconlaboratories,100,133288.0,SILICON LABORATORIES INC
127,6384,MOLEX INC,molex,molex,100,7506.0,MOLEX INC
128,24409,ARIBA INC,ariba,ariba,100,121493.0,ARIBA INC
129,6049,MCKESSON CORP DE,mckessoncorpde,mckesson,73,7171.0,MCKESSON CORP
130,2532,COOPER COS INC,coopercos,coopercosincthe,75,3504.0,COOPER COS INC (THE)
131,5167,INTERNATIONAL GAME TECHNOLOGY,internationalgametechnology,intlgametechnology,80,6097.0,INTL GAME TECHNOLOGY
132,9553,JDS UNIPHASE CORP,jdsuniphase,dupontphotomasks,52,63052.0,DUPONT PHOTOMASKS INC
133,26539,NOVATEL WIRELESS INC,novatelwireless,voicestreamwireless,65,120178.0,VOICESTREAM WIRELESS CORP
134,3249,EMS TECHNOLOGIES INC,emstechnologies,emstechnologies,100,4279.0,EMS TECHNOLOGIES INC
135,6992,ORACLE CORP NEW,oraclecorpnew,sourcecorp,70,61859.0,SOURCECORP INC
136,25570,ENERGIZER HOLDINGS INC,energizerholdings,integerholdings,81,140073.0,INTEGER HOLDINGS CORP
137,5265,ITRON INC,itron,itron,100,29133.0,ITRON INC
138,10213,ZALE CORP,zale,zale,100,11669.0,ZALE CORP
139,19080,METRO GOLDWYN MAYER INC NEW,metrogoldwynmayerincnew,metrogoldwynmayer,85,12352.0,METRO GOLDWYN MAYER INC
140,389,ALBANY INTERNATIONAL CORP,albanyinternational,atninternational,86,24708.0,ATN INTERNATIONAL INC
141,8305,SCOTTS MIRACLE GRO CO,scottsmiraclegrocompany,scottsmiraclegrocompany,100,20185.0,SCOTTS MIRACLE-GRO CO
142,5368,KLA TENCOR CORP,klatencor,eatoncorp,67,4199.0,EATON CORP PLC
143,7716,QUALCOMM INC,qualcomm,qualcomm,100,24800.0,QUALCOMM INC
144,2209,CITRIX SYSTEMS INC,citrixsystems,citrixsystems,100,61676.0,CITRIX SYSTEMS INC
145,19893,SURMODICS INC,surmodics,surmodics,100,66588.0,SURMODICS INC
146,9511,ULTRATECH STEPPER INC,ultratechstepper,ultratech,72,28938.0,ULTRATECH INC
147,26868,RAYTHEON CO NEW,raytheonconew,raytheoncompany,79,8972.0,RAYTHEON CO
148,7311,PEP BOYS MANNY MOE & JACK,pepboysmannymoejack,pepboysmannymoejack,100,8475.0,PEP BOYS-MANNY MOE & JACK
149,2587,COST PLUS INC,costplus,costplus,100,62590.0,COST PLUS INC
150,4835,ICU MEDICAL INC,icumedical,icumedical,100,25110.0,ICU MEDICAL INC
151,4625,HECLA MINING CO,heclaminingcompany,heclaminingcompany,100,5560.0,HECLA MINING CO
152,2179,CISCO SYSTEMS INC,ciscosystems,ciscosystems,100,20779.0,CISCO SYSTEMS INC
153,5340,JOHNSON CONTROLS INC,johnsoncontrols,johnsoncontrolsintl,88,6268.0,JOHNSON CONTROLS INTL PLC
154,6243,MICROSOFT CORP,microsoft,microcom,71,13372.0,MICROCOM INC
155,5060,INTEGRA LIFESCIENCES HOLDINGS CORP,integralifesciencesholdings,integralifesciencesholdngs,98,61181.0,INTEGRA LIFESCIENCES HOLDNGS
156,22588,LINCOLN ELECTRIC HOLDINGS INC,lincolnelectricholdings,lincolnelectrichldgs,93,6737.0,LINCOLN ELECTRIC HLDGS INC
157,4806,HUTCHINSON TECHNOLOGY INC,hutchinsontechnology,hutchinsontechnology,100,5791.0,HUTCHINSON TECHNOLOGY INC
158,24583,FAIRCHILD SEMICONDUCTOR INTL INC,fairchildsemiconductorintl,fairchildsemiconductorintl,100,65643.0,FAIRCHILD SEMICONDUCTOR INTL
159,7520,POSSIS MEDICAL INC,possismedical,possismedical,100,8687.0,POSSIS MEDICAL INC
160,640,AMERICAN PACIFIC CORP,americanpacific,americanpacific,100,1533.0,AMERICAN PACIFIC CORP
161,8285,SCHWEITZER MAUDUIT INTERNATIONAL INC,schweitzermauduitinternational,schweitzermauduitintl,82,61519.0,SCHWEITZER-MAUDUIT INTL INC
162,5223,INTUIT INC,intuit,intuit,100,27928.0,INTUIT INC
163,5082,INTEL CORP,intel,intel,100,6008.0,INTEL CORP
164,205,ABAXIS INC,abaxis,valaris,62,2270.0,VALARIS LTD
165,9967,WAUSAU MOSINEE PAPER CORP,wausaumosineepaper,mosineepaper,80,7578.0,MOSINEE PAPER CORP
166,12711,PEGASUS SOLUTIONS INC,pegasussolutions,pegasussolutions,100,65236.0,PEGASUS SOLUTIONS INC
167,7367,PHARMACEUTICAL PRODUCT DEVELOPMENT INC,pharmaceuticalproductdevelopment,pharmaceuticalproddev,79,61871.0,PHARMACEUTICAL PROD DEV INC
168,27523,GAMESTOP CORP NEW,gamestopcorpnew,gamestop,70,145049.0,GAMESTOP CORP
169,3440,ESTERLINE TECHNOLOGIES CORP,esterlinetechnologies,esterlinetechnologies,100,4460.0,ESTERLINE TECHNOLOGIES CORP
170,5276,JDA SOFTWARE GROUP INC,jdasoftwaregroup,jdasoftwaregroup,100,62399.0,JDA SOFTWARE GROUP INC
171,440,BALLY TECHNOLOGIES INC,ballytechnologies,ballytechnologies,100,12075.0,BALLY TECHNOLOGIES INC
172,7868,REEBOK INTERNATIONAL LTD,reebokinternational,reebokinternational,100,9004.0,REEBOK INTERNATIONAL LTD
173,1481,BOSTON SCIENTIFIC CORP,bostonscientific,bostonscientific,100,25279.0,BOSTON SCIENTIFIC CORP
174,5173,INTERNATIONAL PAPER CO,internationalpapercompany,intlpapercompany,78,6104.0,INTL PAPER CO
175,11759,CIENA CORP,ciena,ciena,100,64356.0,CIENA CORP
176,829,APPLIED MATERIALS INC,appliedmaterials,appliedmaterials,100,1704.0,APPLIED MATERIALS INC
177,790,ARRIS GROUP INC,arrisgroup,amerigroup,80,145367.0,AMERIGROUP CORP
178,25569,CABOT MICROELECTRONICS CORP,cabotmicroelectronics,arrowelectronics,76,1773.0,ARROW ELECTRONICS INC
179,19325,POWER INTEGRATIONS INC,powerintegrations,powerintegrations,100,66032.0,POWER INTEGRATIONS INC
180,2018,CENTURY ALUMINUM CO,centuryaluminumcompany,centuryaluminumcompany,100,62516.0,CENTURY ALUMINUM CO
181,3245,ELECTRO SCIENTIFIC INDUSTRIES INC,electroscientificindustries,electroscientificinds,88,4274.0,ELECTRO SCIENTIFIC INDS INC
182,28106,WYNN RESORTS LTD,wynnresorts,primadonnaresorts,64,28481.0,PRIMADONNA RESORTS INC
183,9261,TOLLGRADE COMMUNICATIONS INC,tollgradecommunications,tollgradecommunications,100,61725.0,TOLLGRADE COMMUNICATIONS INC
184,5677,LEXMARK INTERNATIONAL INC,lexmarkinternational,premarkinternational,90,13028.0,PREMARK INTERNATIONAL INC
185,2081,CHECKFREE CORP NEW,checkfreecorpnew,checkfree,72,61355.0,CHECKFREE CORP
186,7939,RESMED INC,resmed,resmed,100,31887.0,RESMED INC
187,25783,AXCELIS TECHNOLOGIES INC,axcelistechnologies,axcelistechnologies,100,137602.0,AXCELIS TECHNOLOGIES INC
188,3941,FRANKLIN ELECTRIC CO INC,franklinelectriccompany,franklinelectriccompany,100,4881.0,FRANKLIN ELECTRIC CO INC
189,6754,NORDSTROM INC,nordstrom,nordstrom,100,7922.0,NORDSTROM INC
190,5581,LANDAUER INC,landauer,landauer,100,14169.0,LANDAUER INC
191,9855,VITAL SIGNS INC,vitalsigns,vitalsigns,100,23088.0,VITAL SIGNS INC
192,275,ADTRAN INC,adtran,adtran,100,30576.0,ADTRAN INC
193,2985,DIONEX CORP,dionex,dionex,100,3971.0,DIONEX CORP
194,8787,STILLWATER MINING CO,stillwaterminingcompany,stillwaterminingcompany,100,31203.0,STILLWATER MINING CO
195,23396,CONCUR TECHNOLOGIES INC,concurtechnologies,escotechnologies,82,23224.0,ESCO TECHNOLOGIES INC
196,2531,CAMERON INTERNATIONAL CORP,cameroninternational,cameroninternational,100,60894.0,CAMERON INTERNATIONAL CORP
197,3499,EZCORP INC,ezcorp,elkcorp,77,4251.0,ELKCORP
198,5629,LEAR CORP,lear,lear,100,16477.0,LEAR CORP
199,2643,A T CROSS CO,atcrosscompany,torocompany,80,10618.0,TORO CO
200,4524,HARMAN INTERNATIONAL INDUSTRIES INC,harmaninternationalindustries,harmaninternationalinds,88,12788.0,HARMAN INTERNATIONAL INDS
201,1792,CAMPBELL SOUP CO,campbellsoupcompany,campbellsoupcompany,100,2663.0,CAMPBELL SOUP CO
202,4467,HAIN CELESTIAL GROUP INC,haincelestialgroup,haincelestialgroup,100,29609.0,HAIN CELESTIAL GROUP INC
203,4538,HARRIS CORP,harris,harsco,67,5496.0,HARSCO CORP
204,4837,BIOGEN IDEC INC,biogenidec,biogen,75,24468.0,BIOGEN INC
205,23613,CATAPULT COMMUNICATIONS CORP,catapultcommunications,catapultcommunications,100,113361.0,CATAPULT COMMUNICATIONS CORP
206,477,SKYWORKS SOLUTIONS INC,skyworkssolutions,skyworkssolutions,100,1327.0,SKYWORKS SOLUTIONS INC
207,1526,BRINKER INTERNATIONAL INC,brinkerinternational,prideinternational,84,14908.0,PRIDE INTERNATIONAL INC
208,8836,DEAN FOODS CO NEW,deanfoodsconew,deanfoodsco,88,3821.0,DEAN FOODS CO  -OLD
209,26259,OPLINK COMMUNICATIONS INC,oplinkcommunications,oplinkcommunications,100,140030.0,OPLINK COMMUNICATIONS INC
210,4437,NEOWARE SYSTEMS INC,neowaresystems,foresystems,80,30237.0,FORE SYSTEMS INC
211,750,ANALOG DEVICES INC,analogdevices,analogdevices,100,1632.0,ANALOG DEVICES INC
212,1324,BEST BUY CO INC,bestbuycompany,bestbuycompany,100,2184.0,BEST BUY CO INC
213,6324,HERMAN MILLER INC,hermanmiller,rayonier,60,5862.0,RAYONIER INC
214,5726,LINDSAY CORP,lindsay,lindsay,100,14954.0,LINDSAY CORP
215,24964,RUDOLPH TECHNOLOGIES INC,rudolphtechnologies,delphitechnologies,86,31802.0,DELPHI TECHNOLOGIES PLC
216,206,ABBOTT LABORATORIES,abbottlaboratories,abbottlaboratories,100,1078.0,ABBOTT LABORATORIES
217,6017,MAXIM INTEGRATED PRODUCTS INC,maximintegratedproducts,maximintegratedproducts,100,14256.0,MAXIM INTEGRATED PRODUCTS
218,25364,INTERSIL CORP NEW,intersilcorpnew,intersilcorp,89,130762.0,INTERSIL CORP  -CL A
219,4136,GENTEX CORP,gentex,gentex,100,5116.0,GENTEX CORP
220,1857,CARDINAL HEALTH INC,cardinalhealth,cardinalhealth,100,2751.0,CARDINAL HEALTH INC
221,7249,COLLECTIVE BRANDS INC,collectivebrands,collectivebrands,100,62667.0,COLLECTIVE BRANDS INC
222,4903,ILLINOIS TOOL WORKS INC,illinoistoolworks,illinoistoolworks,100,5878.0,ILLINOIS TOOL WORKS
223,2686,CURTISS WRIGHT CORP,curtisswright,curtisswright,100,3662.0,CURTISS-WRIGHT CORP
224,6836,NOVEN PHARMACEUTICALS INC,novenpharmaceuticals,novenpharmaceuticals,100,14918.0,NOVEN PHARMACEUTICALS INC
225,3552,FAIR ISAAC CORP,fairisaac,fairisaac,100,13824.0,FAIR ISAAC CORP
226,857,HYPERION SOLUTIONS CORP,hyperionsolutions,hyperionsolutions,100,61498.0,HYPERION SOLUTIONS CORP
227,24727,INTERACTIVE INTELLIGENCE INC,interactiveintelligence,interactiveintelligencegrp,94,124038.0,INTERACTIVE INTELLIGENCE GRP
228,7432,PINNACLE SYSTEMS INC CA,pinnaclesystemsincca,pinnaclesystems,86,30946.0,PINNACLE SYSTEMS INC
229,5028,INSIGHT ENTERPRISES INC,insightenterprises,insightenterprises,100,31453.0,INSIGHT ENTERPRISES INC
230,2956,DIGI INTERNATIONAL INC,digiinternational,digiinternational,100,16710.0,DIGI INTERNATIONAL INC
231,25869,OPNET TECHNOLOGIES INC,opnettechnologies,ropertechnologies,88,24925.0,ROPER TECHNOLOGIES INC
232,4343,GREEN MOUNTAIN COFFEE ROASTERS INC,greenmountaincoffeeroasters,greenmountainpower,71,5330.0,GREEN MOUNTAIN POWER CORP
233,8340,RSA SECURITY INC,rsasecurity,rsasecurity,100,31168.0,RSA SECURITY INC
234,8908,SUPERVALU INC,supervalu,supervalu,100,10190.0,SUPERVALU INC
235,1501,BRADY CORP,brady,brady,100,2352.0,BRADY CORP
236,5217,INTEVAC INC,intevac,intevac,100,61587.0,INTEVAC INC
237,27026,ACCENTURE LTD,accenture,accenture,100,143357.0,ACCENTURE PLC
238,28573,TESSERA TECHNOLOGIES INC,tesseratechnologies,tranetechnologies,83,5959.0,TRANE TECHNOLOGIES PLC
239,25302,MATTERSIGHT CORP,mattersight,mattersight,100,129840.0,MATTERSIGHT CORP
240,7288,PENTAIR INC,pentair,pentair,100,8463.0,PENTAIR PLC
241,8087,HARRIS TEETER SUPERMARKETS INC,harristeetersupermarkets,harristeetersupermarkets,100,9284.0,HARRIS TEETER SUPERMARKETS
242,2726,CYTYC CORP,cytyc,cytyc,100,62336.0,CYTYC CORP
243,11598,CARMAX INC,carmax,carmax,100,64410.0,CARMAX INC
244,3316,EMULEX CORP,emulex,emulex,100,4340.0,EMULEX CORP
245,23622,BOTTOMLINE TECHNOLOGIES DE INC,bottomlinetechnologiesde,ttmtechnologies,77,139804.0,TTM TECHNOLOGIES INC
246,2778,DAKTRONICS INC,daktronics,daktronics,100,29705.0,DAKTRONICS INC
247,10033,WESTERN DIGITAL CORP,westerndigital,westerndigital,100,11399.0,WESTERN DIGITAL CORP
248,19728,VERISIGN INC,verisign,verisign,100,66368.0,VERISIGN INC
249,8733,STARBUCKS CORP,starbucks,starbucks,100,25434.0,STARBUCKS CORP
250,1080,BJ SERVICES CO,bjservicescompany,bjservicescompany,100,22794.0,BJ SERVICES CO
251,4172,GERBER SCIENTIFIC INC,gerberscientific,gerberscientific,100,5142.0,GERBER SCIENTIFIC INC
252,7617,SAKS INC,saks,saks,100,13380.0,SAKS INC
253,7739,QRS CORP,qrs,qrs,100,28700.0,QRS CORP
254,6539,NASH FINCH CO,nashfinchcompany,nashfinchcompany,100,7691.0,NASH FINCH CO
255,6238,MICROS SYSTEMS INC,microssystems,microssystems,100,7331.0,MICROS SYSTEMS INC
256,7632,MRO SOFTWARE INC,mrosoftware,mrosoftware,100,30094.0,MRO SOFTWARE INC
257,23734,VARIAN SEMICONDUCTOR EQUIPMENT ASSOC INC,variansemiconductorequipmentassoc,variansemiconductorequipmt,88,119217.0,VARIAN SEMICONDUCTOR EQUIPMT
258,10166,X RITE INC,xrite,xrite,100,12189.0,X-RITE INC
259,8281,A SCHULMAN INC,aschulman,schulmana,89,9472.0,SCHULMAN (A.) INC
260,27351,ADVANCE AUTO PARTS INC,advanceautoparts,advanceautoparts,100,145977.0,ADVANCE AUTO PARTS INC
261,11705,RALCORP HOLDINGS INC NEW,ralcorpholdingsincnew,ralcorpholdings,83,29942.0,RALCORP HOLDINGS INC
262,5177,INTERNATIONAL RECTIFIER CORP,internationalrectifier,intlrectifier,74,6109.0,INTL RECTIFIER CORP
263,1265,BECTON DICKINSON & CO,bectondickinsoncompany,bectondickinsoncompany,100,2111.0,BECTON DICKINSON & CO
264,9682,URBAN OUTFITTERS INC,urbanoutfitters,amerneagleoutfitters,69,30059.0,AMERN EAGLE OUTFITTERS INC
265,154,AK STEEL HOLDING CORP,aksteelholding,aksteelholding,100,29968.0,AK STEEL HOLDING CORP
266,7642,PDL BIOPHARMA INC,pdlbiopharma,pdlbiopharma,100,24878.0,PDL BIOPHARMA INC
267,5780,LONGS DRUG STORES CORP,longsdrugstores,longsdrugstores,100,6802.0,LONGS DRUG STORES CORP
268,22718,ECLIPSYS CORP,eclipsys,eclipsys,100,113270.0,ECLIPSYS CORP
269,5749,LOJACK CORP,lojack,lojack,100,12789.0,LOJACK CORP
270,23651,LIFE TECHNOLOGIES CORP,lifetechnologies,lifetechnologies,100,118577.0,LIFE TECHNOLOGIES CORP
271,3953,FRED S INC,freds,freds,100,12403.0,FREDS INC
272,27804,NETFLIX INC,netflix,netflix,100,147579.0,NETFLIX INC
273,10111,WINNEBAGO INDUSTRIES INC,winnebagoindustries,winnebagoindustries,100,11537.0,WINNEBAGO INDUSTRIES
274,2539,MOLSON COORS BREWING CO,molsoncoorsbrewingcompany,molsoncoorsbeveragecompany,82,3505.0,MOLSON COORS BEVERAGE CO
275,6806,NORTHROP GRUMMAN CORP NEW,northropgrummancorpnew,northropgrumman,81,7985.0,NORTHROP GRUMMAN CORP
276,24194,BROCADE COMMUNICATIONS SYSTEMS INC,brocadecommunicationssystems,brocadecommunicationssys,92,120774.0,BROCADE COMMUNICATIONS SYS
277,23371,SELECT COMFORT CORP,selectcomfort,electronicarts,59,16721.0,ELECTRONIC ARTS INC
278,6834,NOVELL INC,novell,novell,100,11910.0,NOVELL INC
279,9053,TECHNE CORP,techne,biotechne,80,15414.0,BIO-TECHNE CORP
280,1529,BRISTOL MYERS SQUIBB CO,bristolmyerssquibbcompany,bristolmyerssquibbcompany,100,2403.0,BRISTOL-MYERS SQUIBB CO
281,1703,CUNO INC,cuno,cuno,100,63559.0,CUNO INC
282,3071,DUPONT PHOTOMASKS INC,dupontphotomasks,dupontphotomasks,100,63052.0,DUPONT PHOTOMASKS INC
283,2786,DANAHER CORP,danaher,danaher,100,3735.0,DANAHER CORP
284,328,ADVENT SOFTWARE INC,adventsoftware,adventsoftware,100,61557.0,ADVENT SOFTWARE INC
285,3894,FORD MOTOR CO,fordmotorcompany,fordmotorcompany,100,4839.0,FORD MOTOR CO
286,273,ADOBE SYSTEMS INC,adobesystems,esystems,80,4159.0,E-SYSTEMS INC
287,2682,CUMMINS INC,cummins,cummins,100,3650.0,CUMMINS INC
288,8515,SMITH INTERNATIONAL INC,smithinternational,smithinternational,100,9772.0,SMITH INTERNATIONAL INC
289,15794,GEN PROBE INC,genprobe,genprobe,100,14186.0,GEN-PROBE INC
290,4279,GOODYEAR TIRE & RUBBER CO,goodyeartirerubbercompany,goodyeartirerubbercompany,100,5234.0,GOODYEAR TIRE & RUBBER CO
291,8860,SUNOCO INC,sunoco,sunoco,100,10156.0,SUNOCO INC
292,7378,ALTRIA GROUP INC,altriagroup,altriagroup,100,8543.0,ALTRIA GROUP INC
293,4640,HELMERICH & PAYNE INC,helmerichpayne,helmerichpayne,100,5581.0,HELMERICH & PAYNE
294,6154,MERIDIAN BIOSCIENCE INC,meridianbioscience,meridianbioscience,100,12433.0,MERIDIAN BIOSCIENCE INC
295,2028,CERADYNE INC,ceradyne,ceradyne,100,2888.0,CERADYNE INC
296,4684,HILL ROM HOLDINGS INC,hillromholdings,hillromholdings,100,5639.0,HILL-ROM HOLDINGS INC
297,1574,BUCKLE INC,buckle,bruker,67,138483.0,BRUKER CORP
298,3946,FRANKLIN COVEY CO,franklincoveycompany,franklincoveycompany,100,25331.0,FRANKLIN COVEY CO
299,4137,NEIGHBORCARE INC,neighborcare,neighborcare,100,24187.0,NEIGHBORCARE INC
300,2559,CORNING INC,corning,corning,100,3532.0,CORNING INC
301,7208,PAREXEL INTERNATIONAL CORP,parexelinternational,parexelinternational,100,61600.0,PAREXEL INTERNATIONAL CORP
302,1035,AVERY DENNISON CORP,averydennison,averydennison,100,1913.0,AVERY DENNISON CORP
303,4578,HEALTH MANAGEMENT ASSOCIATES INC,healthmanagementassociates,healthmanagementassoc,89,12338.0,HEALTH MANAGEMENT ASSOC
304,768,ANDREW CORP,andrew,andrew,100,1651.0,ANDREW CORP
305,6340,3M CO,3mcompany,3mcompany,100,7435.0,3M CO
306,1264,BECKMAN COULTER INC,beckmancoulter,beckmancoulter,100,15106.0,BECKMAN COULTER INC
307,24492,TIBCO SOFTWARE INC,tibcosoftware,tibcosoftware,100,122061.0,TIBCO SOFTWARE INC
308,9350,TRANSWITCH CORP,transwitch,transwitch,100,60846.0,TRANSWITCH CORP
309,28091,DICK S SPORTING GOODS INC,dickssportinggoods,dickssportinggoods,100,150139.0,DICKS SPORTING GOODS INC
310,2855,DECKERS OUTDOOR CORP,deckersoutdoor,deckersoutdoor,100,29015.0,DECKERS OUTDOOR CORP
311,27083,OMNICELL INC,omnicell,omnicell,100,142956.0,OMNICELL INC
312,8267,SCANSOURCE INC,scansource,scansource,100,29910.0,SCANSOURCE INC
313,22197,BROADCOM CORP,broadcom,broadcom,100,,
314,24364,UNWIRED PLANET INC NEW,unwiredplanetincnew,unitedbanksharesincwv,60,17248.0,UNITED BANKSHARES INC/WV
315,12326,ISLAND PACIFIC INC,islandpacific,louisianapacific,76,6821.0,LOUISIANA-PACIFIC CORP
316,18580,CHILDREN S PLACE RETAIL STORES INC,childrensplaceretailstores,childrensplace,70,65430.0,CHILDRENS PLACE INC
317,9964,ACTAVIS INC,actavis,activision,71,1111.0,ACTIVISION INC
318,3992,H B FULLER CO,hbfullercompany,fullerhbcompany,87,4926.0,FULLER (H. B.) CO
319,8192,ST JUDE MEDICAL INC,stjudemedical,stjudemedical,100,9372.0,ST JUDE MEDICAL INC
320,9658,SENSIENT TECHNOLOGIES CORP,sensienttechnologies,sensienttechnologies,100,11012.0,SENSIENT TECHNOLOGIES CORP
321,18908,POWER ONE INC NEW,poweroneincnew,powerone,73,65554.0,POWER-ONE INC
322,27310,DJ ORTHOPEDICS INC,djorthopedics,orthosynetics,69,31223.0,ORTHOSYNETICS INC
323,3970,FRESH CHOICE INC,freshchoice,freshchoice,100,25981.0,FRESH CHOICE INC
324,2955,DIGENE CORP,digene,digene,100,62913.0,DIGENE CORP
325,6625,NAVISTAR INTERNATIONAL CORP,navistarinternational,navistarinternational,100,6081.0,NAVISTAR INTERNATIONAL CORP
326,935,ASPEN TECHNOLOGY INC,aspentechnology,aspentechnology,100,30870.0,ASPEN TECHNOLOGY INC
327,1210,C R BARD INC,crbard,scoreboard,75,13775.0,SCORE BOARD INC
328,5522,LCA VISION INC,lcavision,activision,74,1111.0,ACTIVISION INC
329,2115,CHICO S FAS INC,chicosfas,chicosfas,100,27981.0,CHICOS FAS INC
330,288,ADVANCED FIBRE COMMUNICATIONS INC,advancedfibrecommunications,adctelecommunications,79,1013.0,ADC TELECOMMUNICATIONS INC
331,3016,DONALDSON CO INC,donaldsoncompany,donaldsoncompany,100,4036.0,DONALDSON CO INC
332,4562,HAVERTY FURNITURE COS INC,havertyfurniturecos,havertyfurniture,91,5523.0,HAVERTY FURNITURE
333,6638,SPECTRUM PHARMACEUTICALS INC,spectrumpharmaceuticals,spectrumpharmaceuticals,100,63650.0,SPECTRUM PHARMACEUTICALS INC
334,5619,LAWSON PRODUCTS INC,lawsonproducts,avonproducts,85,1920.0,AVON PRODUCTS
335,19824,IAC INTERACTIVECORP,iacinteractivecorp,mercuryinteractive,67,29095.0,MERCURY INTERACTIVE CORP
336,2860,DEERE & CO,deerecompany,deerecompany,100,3835.0,DEERE & CO
337,5778,RARE HOSPITALITY INTERNATIONAL INC,rarehospitalityinternational,rarehospitalityintl,81,25111.0,RARE HOSPITALITY INTL INC
338,5426,KENNAMETAL INC,kennametal,kennametal,100,6386.0,KENNAMETAL INC
339,207,ABERCROMBIE & FITCH CO DE,abercrombiefitchcode,abercrombiefitch,89,63643.0,ABERCROMBIE & FITCH  -CL A
340,24981,RETEK INC,retek,retek,100,126599.0,RETEK INC
341,5496,KOPIN CORP,kopin,kopin,100,25166.0,KOPIN CORP
342,7392,PHOENIX TECHNOLOGIES LTD,phoenixtechnologies,phoenixtechnologies,100,14626.0,PHOENIX TECHNOLOGIES LTD
343,10195,YAHOO INC,yahoo,amoco,60,1609.0,AMOCO CORP
344,2294,COLGATE PALMOLIVE CO,colgatepalmolivecompany,colgatepalmolivecompany,100,3170.0,COLGATE-PALMOLIVE CO
345,1252,BE AEROSPACE INC,beaerospace,beaerospace,100,21487.0,B/E AEROSPACE INC
346,5678,LIBBEY INC,libbey,libbey,100,28462.0,LIBBEY INC
347,12633,CORRECTIONS CORP OF AMERICA MD,correctionscorpofamericamd,correctionscorpofamerica,96,12633.0,CORRECTIONS CORP OF AMERICA
348,26176,POLYONE CORP,polyone,polycom,71,62730.0,POLYCOM INC
349,9460,MARATHON OIL CORP,marathonoil,marathonoil,100,7017.0,MARATHON OIL CORP
350,9782,VERTEX PHARMACEUTICALS INC,vertexpharmaceuticals,vertexpharmaceuticals,100,24344.0,VERTEX PHARMACEUTICALS INC
351,1777,CAMBREX CORP,cambrex,cambrex,100,13839.0,CAMBREX CORP
352,3201,ECOLAB INC,ecolab,ecolab,100,4213.0,ECOLAB INC
353,25551,LUMINEX CORP,luminex,luminex,100,133504.0,LUMINEX CORP
354,9181,THERMO FISHER SCIENTIFIC INC,thermofisherscientific,thermofisherscientific,100,10530.0,THERMO FISHER SCIENTIFIC INC
355,2218,CLARCOR INC,clarcor,clarcor,100,3093.0,CLARCOR INC
356,6495,NCI BUILDING SYSTEMS INC,ncibuildingsystems,pliantsystems,65,28533.0,PLIANT SYSTEMS INC
357,1961,CELGENE CORP,celgene,celgene,100,13599.0,CELGENE CORP
358,7190,PAPA JOHN S INTERNATIONAL INC,papajohnsinternational,papajohnsinternational,100,28397.0,PAPA JOHNS INTERNATIONAL INC
359,9728,VALMONT INDUSTRIES INC,valmontindustries,valmontindustries,100,11094.0,VALMONT INDUSTRIES INC
360,3902,FOREST LABORATORIES INC,forestlaboratories,forestlaboratories,100,4843.0,FOREST LABORATORIES  -CL A
361,8039,ROGERS CORP,rogers,rogers,100,9216.0,ROGERS CORP
362,10386,CUBIST PHARMACEUTICALS INC,cubistpharmaceuticals,cubistpharmaceuticals,100,63866.0,CUBIST PHARMACEUTICALS INC
363,2707,CYPRESS SEMICONDUCTOR CORP,cypresssemiconductor,cypresssemiconductor,100,12215.0,CYPRESS SEMICONDUCTOR CORP
364,9883,WD 40 CO,wd40company,wd40company,100,11234.0,WD-40 CO
365,5070,INTEGRATED DEVICE TECHNOLOGY INC,integrateddevicetechnology,integrateddevicetech,87,6003.0,INTEGRATED DEVICE TECH INC
366,408,ALEXION PHARMACEUTICALS INC,alexionpharmaceuticals,alexionpharmaceuticals,100,62263.0,ALEXION PHARMACEUTICALS INC
367,8723,STANLEY BLACK & DECKER INC,stanleyblackdecker,stanleyblackdecker,100,10016.0,STANLEY BLACK & DECKER INC
368,6011,MATTHEWS INTERNATIONAL CORP,matthewsinternational,smithinternational,82,9772.0,SMITH INTERNATIONAL INC
369,688,AMERICAN VANGUARD CORP,americanvanguard,americanvanguard,100,1585.0,AMERICAN VANGUARD CORP
370,4120,GENERAL MILLS INC,generalmills,generalmills,100,5071.0,GENERAL MILLS INC
371,5224,INVACARE CORP,invacare,invacare,100,6158.0,INVACARE CORP
372,22362,MANHATTAN ASSOCIATES INC,manhattanassociates,manhattanassociates,100,109826.0,MANHATTAN ASSOCIATES INC
373,1292,BEMIS CO INC,bemiscompany,bemiscompany,100,2154.0,BEMIS CO INC
374,7891,REHABCARE GROUP INC,rehabcaregroup,rehabcaregroup,100,24219.0,REHABCARE GROUP INC
375,2027,CEPHALON INC,cephalon,cephalon,100,23945.0,CEPHALON INC
376,25014,TELEDYNE TECHNOLOGIES INC,teledynetechnologies,teledynetechnologies,100,126721.0,TELEDYNE TECHNOLOGIES INC
377,24622,RED HAT INC,redhat,redhat,100,122841.0,RED HAT INC
378,26233,WILSON GREATBATCH TECHNOLOGIES INC,wilsongreatbatchtechnologies,lonestartechnologies,75,6797.0,LONE STAR TECHNOLOGIES
379,1118,BAKER HUGHES INC,bakerhughes,bakerhughes,100,1976.0,BAKER HUGHES INC
380,10604,VIROPHARMA INC,viropharma,viropharma,100,64004.0,VIROPHARMA INC
381,2181,CIRRUS LOGIC INC,cirruslogic,cirruslogic,100,16401.0,CIRRUS LOGIC INC
382,10402,SEALED AIR CORP NEW,sealedaircorpnew,eaglebancorpincmd,61,111721.0,EAGLE BANCORP INC/MD
383,10274,ARQULE INC,arqule,arqule,100,63789.0,ARQULE INC
384,1814,CANTEL MEDICAL CORP,cantelmedical,cantelmedical,100,2942.0,CANTEL MEDICAL CORP
385,6835,NOVELLUS SYSTEMS INC,novellussystems,novellussystems,100,14623.0,NOVELLUS SYSTEMS INC
386,4937,INFOCUS CORP,infocus,infocus,100,23528.0,INFOCUS CORP
387,12672,COMMSCOPE INC,commscope,commscope,100,65142.0,COMMSCOPE INC
388,503,ALCOA INC,alcoa,alcoa,100,,
389,2755,DSP GROUP INC,dspgroup,dspgroup,100,29722.0,DSP GROUP INC
390,3919,FOSTER WHEELER AG,fosterwheelerag,fosterwheelerag,100,4864.0,FOSTER WHEELER AG
391,6468,MULTIMEDIA GAMES HOLDING CO INC,multimediagamesholdingcompany,multimediagamesholdingcompany,100,62107.0,MULTIMEDIA GAMES HOLDING CO
392,26577,GARMIN LTD SZ,garminltdsz,garmin,71,141459.0,GARMIN LTD
393,8901,SUPERIOR INDUSTRIES INTERNATIONAL INC,superiorindustriesinternational,superiorindustriesintl,83,10195.0,SUPERIOR INDUSTRIES INTL
394,7705,QLOGIC CORP,qlogic,qlogic,100,29791.0,QLOGIC CORP
395,3337,WEATHERFORD INTERNATIONAL LTD SZ,weatherfordinternationalltdsz,varcointernationalold,72,11113.0,VARCO INTERNATIONAL-OLD
396,28639,TEMPUR PEDIC INTERNATIONAL INC,tempurpedicinternational,prideinternational,76,14908.0,PRIDE INTERNATIONAL INC
397,7754,DORMAN PRODUCTS INC,dormanproducts,dormanproducts,100,23753.0,DORMAN PRODUCTS INC
398,8153,SPX CORP,spx,spx,100,5087.0,SPX CORP
399,127,ADC TELECOMMUNICATIONS INC,adctelecommunications,adctelecommunications,100,1013.0,ADC TELECOMMUNICATIONS INC
400,994,PANERA BREAD CO,panerabreadcompany,panerabreadcompany,100,24113.0,PANERA BREAD CO
401,12675,BJ S WHOLESALE CLUB INC,bjswholesaleclub,bjswholesaleclub,100,65105.0,BJ'S WHOLESALE CLUB INC
402,1448,OFFICEMAX INC DE,officemaxincde,officemaxincold,90,30906.0,OFFICEMAX INC-OLD
403,1120,BALCHEM CORP,balchem,balchemcorp,78,1979.0,BALCHEM CORP  -CL B
404,8442,PMC SIERRA INC,pmcsierra,pmcsierra,100,23943.0,PMC-SIERRA INC
405,7445,PITNEY BOWES INC,pitneybowes,pitneybowes,100,8606.0,PITNEY BOWES INC
406,25564,EDWARDS LIFESCIENCES CORP,edwardslifesciences,edwardslifesciences,100,133366.0,EDWARDS LIFESCIENCES CORP
407,6481,MYLAN INC PA,mylanincpa,sanmina,59,28139.0,SANMINA CORP
408,7056,OWENS & MINOR INC NEW,owensminorincnew,owensminor,77,8213.0,OWENS & MINOR INC
409,9148,TETRA TECHNOLOGIES INC,tetratechnologies,tranetechnologies,88,5959.0,TRANE TECHNOLOGIES PLC
410,431,ALLEGHENY TECHNOLOGIES INC,alleghenytechnologies,alleghenytechnologies,100,10405.0,ALLEGHENY TECHNOLOGIES INC
411,8941,SYMMETRICOM INC,symmetricom,symmetricom,100,9715.0,SYMMETRICOM INC
412,2030,ARBITRON INC,arbitron,arbitron,100,142748.0,ARBITRON INC
413,5585,LANDRY S RESTAURANTS INC,landrysrestaurants,landrysrestaurants,100,28765.0,LANDRYS RESTAURANTS INC
414,8366,SEMTECH CORP,semtech,semtech,100,9599.0,SEMTECH CORP
415,7368,PHARMACEUTICAL RESOURCES INC,pharmaceuticalresources,pharmaceuticalproddev,77,61871.0,PHARMACEUTICAL PROD DEV INC
416,8270,HENRY SCHEIN INC,henryschein,henryschein,100,61494.0,HENRY SCHEIN INC
417,6378,MODINE MANUFACTURING CO,modinemanufacturingcompany,modinemanufacturingcompany,100,7486.0,MODINE MANUFACTURING CO
418,8433,CEC ENTERTAINMENT INC,cecentertainment,cecentertainment,100,15092.0,CEC ENTERTAINMENT INC
419,8638,SPARTAN MOTORS INC,spartanmotors,aristanetworks,67,20748.0,ARISTA NETWORKS INC
420,10250,CVS CAREMARK CORP,cvscaremark,caremarkrx,76,31549.0,CAREMARK RX INC
421,1038,AVID TECHNOLOGY INC,avidtechnology,avidtechnology,100,27925.0,AVID TECHNOLOGY INC
422,6661,NETWORK EQUIPMENT TECHNOLOGIES INC,networkequipmenttechnologies,networkequipmenttech,83,13011.0,NETWORK EQUIPMENT TECH INC
423,7146,PACIFIC SUNWEAR OF CALIFORNIA INC,pacificsunwearofcalifornia,pacificsunwearcalif,84,27937.0,PACIFIC SUNWEAR CALIF INC
424,9270,TOPPS CO INC,toppscompany,toppscompany,100,13326.0,TOPPS CO INC
425,7124,PACCAR INC,paccar,paccar,100,8253.0,PACCAR INC
426,3036,DOW JONES & CO INC,dowjonescompany,dowjonescompany,100,4062.0,DOW JONES & CO INC
427,7464,PLANTRONICS INC DE,plantronicsincde,plantronics,81,8633.0,PLANTRONICS INC
428,1022,AUTOMATIC DATA PROCESSING INC,automaticdataprocessing,automaticdataprocessing,100,1891.0,AUTOMATIC DATA PROCESSING
429,840,APTARGROUP INC,aptargroup,aptargroup,100,28176.0,APTARGROUP INC
430,1260,APPLIED INDUSTRIAL TECHNOLOGIES INC,appliedindustrialtechnologies,appliedindustrialtech,84,2101.0,APPLIED INDUSTRIAL TECH INC
431,25493,GENTIVA HEALTH SERVICES INC,gentivahealthservices,gentivahealthservices,100,130200.0,GENTIVA HEALTH SERVICES INC
432,5326,SMURFIT STONE CONTAINER CORP,smurfitstonecontainer,smurfitstonecontainer,100,6242.0,SMURFIT-STONE CONTAINER CORP
433,447,ALLIANT TECHSYSTEMS INC,allianttechsystems,pliantsystems,77,28533.0,PLIANT SYSTEMS INC
434,6335,MINERALS TECHNOLOGIES INC,mineralstechnologies,mineralstechnologies,100,25870.0,MINERALS TECHNOLOGIES INC
435,3120,EMC CORP,emc,mci,67,1164.0,MCI INC
436,8026,ROCK TENN CO,rocktenncompany,hockeycompany,79,24743.0,HOCKEY CO
437,720,AMGEN INC,amgen,amgen,100,1602.0,AMGEN INC
438,9303,TRACTOR SUPPLY CO,tractorsupplycompany,tractorsupplycompany,100,29736.0,TRACTOR SUPPLY CO
439,9760,VENTANA MEDICAL SYSTEMS INC,ventanamedicalsystems,ventanamedicalsystem,98,63385.0,VENTANA MEDICAL SYSTEM INC
440,1727,CADENCE DESIGN SYSTEMS INC,cadencedesignsystems,cadencedesignsystems,100,13421.0,CADENCE DESIGN SYSTEMS INC
441,6040,MCCORMICK & CO INC,mccormickcompany,mccormickcompany,100,7146.0,MCCORMICK & CO INC
442,1045,AVON PRODUCTS INC,avonproducts,avonproducts,100,1920.0,AVON PRODUCTS
443,6133,MEN S WEARHOUSE INC,menswearhouse,chefswarehouse,74,186960.0,CHEFS' WAREHOUSE INC
444,10529,HIBBETT SPORTS INC,hibbettsports,bellsports,70,25154.0,BELL SPORTS CORP
445,7770,RTI INTERNATIONAL METALS INC,rtiinternationalmetals,tjinternational,76,10751.0,TJ INTERNATIONAL INC
446,9909,WAL MART STORES INC,walmartstores,walmart,70,11259.0,WALMART INC
447,7396,PHOTON DYNAMICS INC,photondynamics,photondynamics,100,61560.0,PHOTON DYNAMICS INC
448,523,AMCOL INTERNATIONAL CORP,amcolinternational,amcolinternational,100,14182.0,AMCOL INTERNATIONAL CORP
449,3658,FINISH LINE INC,finishline,finishlineinc,87,25357.0,FINISH LINE INC  -CL A
450,4897,IDEXX LABORATORIES INC,idexxlaboratories,impaxlaboratories,82,61745.0,IMPAX LABORATORIES INC
451,4526,HARMONIC INC,harmonic,harmonic,100,31843.0,HARMONIC INC
452,5131,INTERMET CORP,intermet,intermet,100,6044.0,INTERMET CORP
453,25760,STRATOS LIGHTWAVE INC,stratoslightwave,sterlingsoftware,62,10071.0,STERLING SOFTWARE INC
454,9169,THERAGENICS CORP,theragenics,theragenics,100,12691.0,THERAGENICS CORP
455,22989,DIGITAL RIVER INC,digitalriver,digitalriver,100,113362.0,DIGITAL RIVER INC
456,24864,PCTEL INC,pctel,pctel,100,125014.0,PCTEL INC
457,10429,SS&C TECHNOLOGIES INC,ssctechnologies,spstechnologies,93,9332.0,SPS TECHNOLOGIES INC
458,5339,JOHNSON & JOHNSON,johnsonjohnson,johnsonjohnson,100,6266.0,JOHNSON & JOHNSON
459,6914,OFFICE DEPOT INC,officedepot,homedepot,70,5680.0,HOME DEPOT INC
460,461,HONEYWELL INTERNATIONAL INC,honeywellinternational,honeywellinternational,100,1300.0,HONEYWELL INTERNATIONAL INC
461,26988,ROCKWELL COLLINS INC,rockwellcollins,rockwellcollins,100,144066.0,ROCKWELL COLLINS
462,5845,M I SCHOTTENSTEIN HOMES INC,mischottensteinhomes,southernenergyhomes,62,27930.0,SOUTHERN ENERGY HOMES INC
463,5869,MTS SYSTEMS CORP,mtssystems,mtssystems,100,6900.0,MTS SYSTEMS CORP
464,1910,CASH AMERICA INTERNATIONAL INC,cashamericainternational,cameroninternational,82,60894.0,CAMERON INTERNATIONAL CORP
465,12462,AMAZON COM INC,amazoncom,amoco,71,1609.0,AMOCO CORP
466,3615,FERRO CORP,ferro,ferro,100,4622.0,FERRO CORP
467,10131,WOLVERINE TUBE INC,wolverinetube,wolverinetube,100,14450.0,WOLVERINE TUBE INC
468,2708,QUESTCOR PHARMACEUTICALS INC,questcorpharmaceuticals,questcorpharmaceuticals,100,25906.0,QUESTCOR PHARMACEUTICALS INC
469,24421,JUNIPER NETWORKS INC,junipernetworks,junipernetworks,100,121718.0,JUNIPER NETWORKS INC
470,6743,NCT GROUP INC,nctgroup,nctgroup,100,19818.0,NCT GROUP INC
471,10751,LITHIA MOTORS INC,lithiamotors,lithiamotorsinc,89,64175.0,LITHIA MOTORS INC  -CL A
472,6161,MERIT MEDICAL SYSTEMS INC,meritmedicalsystems,meritmedicalsystems,100,21777.0,MERIT MEDICAL SYSTEMS INC
473,9879,VULCAN MATERIALS CO NEW,vulcanmaterialsconew,vulcanmaterialscompany,86,11228.0,VULCAN MATERIALS CO
474,22996,CONVERGYS CORP,convergys,convergys,100,113419.0,CONVERGYS CORP
475,3035,DOW CHEMICAL CO,dowchemicalcompany,arcochemicalcompany,86,14124.0,ARCO CHEMICAL CO
476,9744,VARIAN MEDICAL SYSTEMS INC,varianmedicalsystems,varianmedicalsystems,100,11115.0,VARIAN MEDICAL SYSTEMS INC
477,5413,KEITHLEY INSTRUMENTS INC,keithleyinstruments,keithleyinstruments,100,6370.0,KEITHLEY INSTRUMENTS INC
478,7443,PIONEER STANDARD ELECTRONICS INC,pioneerstandardelectronics,universalelectronics,70,27828.0,UNIVERSAL ELECTRONICS INC
479,6203,METHODE ELECTRONICS INC,methodeelectronics,methodeelectronics,100,7291.0,METHODE ELECTRONICS INC
480,9208,THORATEC CORP,thoratec,thoratec,100,10550.0,THORATEC CORP
481,5393,KAMAN CORP,kaman,kaman,100,6326.0,KAMAN CORP
482,4071,GARDNER DENVER INC,gardnerdenver,gartner,60,12441.0,GARTNER INC
483,27886,BIG 5 SPORTING GOODS CORP,big5sportinggoods,big5sportinggoods,100,145041.0,BIG 5 SPORTING GOODS CORP
484,7363,PFIZER INC,pfizer,pfizer,100,8530.0,PFIZER INC
485,899,ARROW ELECTRONICS INC,arrowelectronics,arrowelectronics,100,1773.0,ARROW ELECTRONICS INC
486,5510,KULICKE & SOFFA INDUSTRIES INC,kulickesoffaindustries,kulickesoffaindustries,100,6509.0,KULICKE & SOFFA INDUSTRIES
487,311,AEROFLEX INC,aeroflex,aeroflex,100,1056.0,AEROFLEX INC
488,7539,PRAXAIR INC,praxair,paxar,83,8293.0,PAXAR CORP
489,9850,VISX INC DE,visxincde,visxincde,100,14897.0,VISX INC/DE
490,9770,VERITAS DGC INC,veritasdgc,veritasdgc,100,3949.0,VERITAS DGC INC
491,578,AMERICAN EAGLE OUTFITTERS INC NEW,americaneagleoutfittersincnew,amerneagleoutfitters,82,30059.0,AMERN EAGLE OUTFITTERS INC
492,4109,GENERAL DYNAMICS CORP,generaldynamics,generaldynamics,100,5046.0,GENERAL DYNAMICS CORP
493,8935,SYMANTEC CORP,symantec,mastec,71,2497.0,MASTEC INC
494,23372,P F CHANG S CHINA BISTRO INC,pfchangschinabistro,pfchangschinabistro,100,116503.0,P F CHANGS CHINA BISTRO INC
495,6334,MINE SAFETY APPLIANCES CO,minesafetyappliancescompany,royalappliancemfgcompany,67,24382.0,ROYAL APPLIANCE MFG CO
496,24652,BLOUNT INTERNATIONAL INC,blountinternational,tjinternational,82,10751.0,TJ INTERNATIONAL INC
497,9869,VOLT INFORMATION SCIENCES INC,voltinformationsciences,voltinfosciences,82,11213.0,VOLT INFO SCIENCES INC
498,1362,BIO TECHNOLOGY GENERAL CORP,biotechnologygeneral,rubicontechnology,70,178865.0,RUBICON TECHNOLOGY INC
499,7934,RES CARE INC KY,rescareincky,careline,60,29454.0,CARELINE INC
500,2414,COMPUTER ASSOCIATES INTERNATIONAL INC,computerassociatesinternational,cameroninternational,71,60894.0,CAMERON INTERNATIONAL CORP
501,8424,SHOE CARNIVAL INC,shoecarnival,shoecarnival,100,27938.0,SHOE CARNIVAL INC
502,3469,EXAR CORP,exar,exar,100,4476.0,EXAR CORP
503,2438,COMPUWARE CORP,compuware,compuware,100,26011.0,COMPUWARE CORP
504,2273,COGNEX CORP,cognex,cognex,100,16188.0,COGNEX CORP
505,9426,TUESDAY MORNING CORP,tuesdaymorning,tuesdaymorning,100,11944.0,TUESDAY MORNING CORP
506,27782,AEROPOSTALE INC,aeropostale,quakerstate,64,8853.0,QUAKER STATE CORP
507,1933,CATERPILLAR INC,caterpillar,caterpillar,100,2817.0,CATERPILLAR INC
508,5411,KEANE INC,keane,keane,100,6362.0,KEANE INC
509,8563,SONIC CORP,sonic,sonic,100,23697.0,SONIC CORP
510,2839,CONCERTO SOFTWARE INC,concertosoftware,concertosoftware,100,13286.0,CONCERTO SOFTWARE INC
511,27259,CROSS COUNTRY INC,crosscountry,crosscountryhealthcare,71,144396.0,CROSS COUNTRY HEALTHCARE INC
512,9237,TIMKEN CO,timkencompany,timkencompany,100,10581.0,TIMKEN CO
513,10140,FOOT LOCKER INC,footlocker,footlocker,100,11584.0,FOOT LOCKER INC
514,4190,GILEAD SCIENCES INC,gileadsciences,gileadsciences,100,24856.0,GILEAD SCIENCES INC
515,1762,CALLAWAY GOLF CO,callawaygolfcompany,callawaygolfcompany,100,24978.0,CALLAWAY GOLF CO
516,19346,UNITED RENTALS INC NEW,unitedrentalsincnew,unitedrentals,81,66065.0,UNITED RENTALS INC
517,1128,BALL CORP,ball,ball,100,1988.0,BALL CORP
518,6263,MICRON TECHNOLOGY INC,microntechnology,microntechnology,100,7343.0,MICRON TECHNOLOGY INC
519,2951,DIEBOLD INC,diebold,dieboldnixdorf,67,3946.0,DIEBOLD NIXDORF INC
520,1410,BLACK & DECKER CORP,blackdecker,blackdecker,100,2255.0,BLACK & DECKER CORP
521,557,BEAM INC NEW,beamincnew,bankone,59,1998.0,BANK ONE CORP
522,2535,COOPER INDUSTRIES PLC,cooperindustries,cooperindustries,100,3497.0,COOPER INDUSTRIES PLC
523,4295,W W GRAINGER INC,wwgrainger,graingerww,80,5256.0,GRAINGER (W W) INC
524,9403,TRIQUINT SEMICONDUCTOR INC,triquintsemiconductor,triquintsemiconductor,100,29386.0,TRIQUINT SEMICONDUCTOR INC
525,4366,GRIFFON CORP,griffon,griffon,100,5987.0,GRIFFON CORP
526,5030,INPUT OUTPUT INC,inputoutput,intuit,59,27928.0,INTUIT INC
527,4063,GAP INC,gap,gap,100,4990.0,GAP INC
528,23553,NVIDIA CORP,nvidia,nvidia,100,117768.0,NVIDIA CORP
529,4658,HEWLETT PACKARD CO,hewlettpackardcompany,westrockcompany,67,29830.0,WESTROCK CO
530,1121,BALDOR ELECTRIC CO,baldorelectriccompany,baldorelectriccompany,100,1981.0,BALDOR ELECTRIC CO
531,8446,SIGMA ALDRICH CORP,sigmaaldrich,sigmaaldrich,100,9699.0,SIGMA-ALDRICH CORP
532,492,ALTERA CORP,altera,altera,100,14324.0,ALTERA CORP
533,23811,INFORMATICA CORP,informatica,informatica,100,120134.0,INFORMATICA CORP
534,2282,COHU INC,cohu,cohu,100,3158.0,COHU INC
535,4553,HASBRO INC,hasbro,hasbro,100,5518.0,HASBRO INC
536,25599,HEALTHSTREAM INC,healthstream,healthsource,75,16961.0,HEALTHSOURCE INC
537,26663,ALIGN TECHNOLOGY INC,aligntechnology,aligntechnology,100,141384.0,ALIGN TECHNOLOGY INC
538,7057,OWENS ILLINOIS INC,owensillinois,owensminor,70,8213.0,OWENS & MINOR INC
539,21358,VASCO DATA SECURITY INTERNATIONAL INC,vascodatasecurityinternational,vlasicfoodsinternational,74,66643.0,VLASIC FOODS INTERNATIONAL
540,5717,LINCARE HOLDINGS INC,lincareholdings,lincareholdings,100,25062.0,LINCARE HOLDINGS INC
541,10172,XOMA CORP NEW,xomacorpnew,comsatcorpser1,64,3273.0,COMSAT CORP  -SER 1
542,23846,LIFEPOINT HOSPITALS INC,lifepointhospitals,lifepointhealth,73,120297.0,LIFEPOINT HEALTH INC
543,212,ABIOMED INC,abiomed,abiomed,100,13619.0,ABIOMED INC
544,1207,EPRESENCE INC,epresence,epresence,100,25631.0,EPRESENCE INC
545,10187,XEROX CORP,xerox,aeroflex,62,1056.0,AEROFLEX INC
546,1566,MATERION CORP,materion,materion,100,2448.0,MATERION CORP
547,25587,LIVEPERSON INC,liveperson,liveperson,100,133869.0,LIVEPERSON INC
548,809,APPLE INC,apple,apple,100,1690.0,APPLE INC
549,27937,KIRKLAND S INC,kirklands,kirklands,100,148391.0,KIRKLAND'S INC
550,5000,INGERSOLL RAND PLC,ingersollrand,ingersollrand,100,30098.0,INGERSOLL RAND INC
551,10393,STAGE STORES INC NV,stagestoresincnv,stagestores,81,63874.0,STAGE STORES INC
552,5837,MGI PHARMA INC,mgipharma,mgipharma,100,7504.0,MGI PHARMA INC
553,5790,LOWE S COS INC,lowescos,lowescos,100,6829.0,LOWE'S COS INC
554,2696,CYBERONICS INC,cyberonics,respironics,67,14385.0,RESPIRONICS INC
555,10081,WHOLE FOODS MARKET INC,wholefoodsmarket,wholefoodsmarket,100,24893.0,WHOLE FOODS MARKET INC
556,8993,TJX COS INC,tjxcos,texaco,67,10482.0,TEXACO INC
557,27948,RED ROBIN GOURMET BURGERS INC,redrobingourmetburgers,redrobingourmetburgers,100,148470.0,RED ROBIN GOURMET BURGERS
558,24441,ASK JEEVES INC,askjeeves,askjeeves,100,121834.0,ASK JEEVES INC
559,23442,CONEXANT SYSTEMS INC,conexantsystems,conexantsystems,100,116526.0,CONEXANT SYSTEMS INC
560,1218,BARR PHARMACEUTICALS INC,barrpharmaceuticals,barrpharmaceuticals,100,13365.0,BARR PHARMACEUTICALS INC
561,9888,WMS INDUSTRIES INC,wmsindustries,wmsindustries,100,11509.0,WMS INDUSTRIES INC
562,751,ANALOGIC CORP,analogic,analogic,100,1633.0,ANALOGIC CORP
563,24630,NETSCOUT SYSTEMS INC,netscoutsystems,etecsystems,77,61443.0,ETEC SYSTEMS INC
564,7797,RAINBOW TECHNOLOGIES INC,rainbowtechnologies,rainbowtechnologies,100,13976.0,RAINBOW TECHNOLOGIES INC
565,8717,STANDARD REGISTER CO,standardregistercompany,standardregistercompany,100,10005.0,STANDARD REGISTER CO
566,7530,POWELL INDUSTRIES INC,powellindustries,bellindustries,87,2138.0,BELL INDUSTRIES INC
567,24532,ALLSCRIPTS HEALTHCARE SOLUTIONS INC,allscriptshealthcaresolutions,allscriptshlthcrsoltnsold,81,122255.0,ALLSCRIPTS HLTHCR SOLTNS-OLD
568,8012,ROBBINS & MYERS INC,robbinsmyers,robbinsmyers,100,9173.0,ROBBINS & MYERS INC
569,8286,SCICLONE PHARMACEUTICALS INC,sciclonepharmaceuticals,sciclonepharmaceuticals,100,25047.0,SCICLONE PHARMACEUTICALS LLC
570,6956,OSI PHARMACEUTICALS INC,osipharmaceuticals,osipharmaceuticals,100,12180.0,OSI PHARMACEUTICALS INC
571,7358,PETSMART INC,petsmart,petsmart,100,28648.0,PETSMART INC
572,9079,TEKELEC,tekelec,tekelec,100,12212.0,TEKELEC
573,1892,CARPENTER TECHNOLOGY CORP,carpentertechnology,carpentertechnology,100,2787.0,CARPENTER TECHNOLOGY CORP
574,3607,FEDERAL SIGNAL CORP,federalsignal,federalsignal,100,4608.0,FEDERAL SIGNAL CORP
575,4896,IDEX CORP,idex,idex,100,15267.0,IDEX CORP
576,22589,MARINEMAX INC,marinemax,marinemax,100,111103.0,MARINEMAX INC
577,22559,CARREKER CORP,carreker,carreker,100,110721.0,CARREKER CORP
578,23723,MKS INSTRUMENTS INC,mksinstruments,texasinstruments,80,10499.0,TEXAS INSTRUMENTS INC
579,10072,WHIRLPOOL CORP,whirlpool,whirlpool,100,11465.0,WHIRLPOOL CORP
580,2705,CYMER INC,cymer,cymer,100,63600.0,CYMER INC
581,1549,BROOKS AUTOMATION INC,brooksautomation,rockwellautomation,76,9203.0,ROCKWELL AUTOMATION
582,8148,SPSS INC,spss,spss,100,28758.0,SPSS INC
583,8568,SONOCO PRODUCTS CO,sonocoproductscompany,sonocoproductscompany,100,9815.0,SONOCO PRODUCTS CO
584,2240,CLOROX CO,cloroxcompany,torocompany,83,10618.0,TORO CO
585,25738,INTUITIVE SURGICAL INC,intuitivesurgical,intuitivesurgical,100,136725.0,INTUITIVE SURGICAL INC
586,7401,PSS WORLD MEDICAL INC,pssworldmedical,pssworldmedical,100,30161.0,PSS WORLD MEDICAL INC
587,17422,REYNOLDS AMERICAN INC,reynoldsamerican,reynoldsamerican,100,120877.0,REYNOLDS AMERICAN INC
588,10289,TENNECO INC DE,tennecoincde,tenneco,74,10443.0,TENNECO INC
589,3589,FASTENAL CO,fastenalcompany,fastenalcompany,100,14225.0,FASTENAL CO
590,803,APOGEE ENTERPRISES INC,apogeeenterprises,apogeeenterprises,100,1686.0,APOGEE ENTERPRISES INC
591,5810,LYDALL INC,lydall,lydall,100,6845.0,LYDALL INC
592,9797,VICOR CORP,vicor,vicor,100,21238.0,VICOR CORP
593,1719,CABOT CORP,cabot,cabot,100,2593.0,CABOT CORP
594,8040,ROHM & HAAS CO,rohmhaascompany,rohmhaascompany,100,9217.0,ROHM AND HAAS CO
595,2847,TARGET CORP,target,target,100,3813.0,TARGET CORP
596,24387,UNITED THERAPEUTICS CORP,unitedtherapeutics,unitedtherapeutics,100,121440.0,UNITED THERAPEUTICS CORP
597,1014,AUTODESK INC,autodesk,autodesk,100,1878.0,AUTODESK INC
598,23810,CONSOL ENERGY INC,consolenergy,nobleenergy,78,7912.0,NOBLE ENERGY INC
599,3398,ENZO BIOCHEM INC,enzobiochem,enzobiochem,100,4418.0,ENZO BIOCHEM INC
600,2445,CONAGRA FOODS INC,conagrafoods,conagrabrands,72,3362.0,CONAGRA BRANDS INC
601,4581,MANOR CARE INC NEW,manorcareincnew,manorcareincold,80,6998.0,MANOR CARE INC-OLD
602,23828,NAUTILUS GROUP INC,nautilusgroup,nautilus,76,27760.0,NAUTILUS INC
603,7787,RADISYS CORP,radisys,radisys,100,61439.0,RADISYS CORP
604,10246,ZOLL MEDICAL CORP,zollmedical,zollmedical,100,25579.0,ZOLL MEDICAL CORP
605,23122,EBAY INC,ebay,ebay,100,114524.0,EBAY INC
606,3077,FLOWSERVE CORP,flowserve,flowserve,100,4108.0,FLOWSERVE CORP
607,8275,SCHLUMBERGER LTD,schlumberger,schlumberger,100,9465.0,SCHLUMBERGER LTD
608,4471,HALLIBURTON CO,halliburtoncompany,halliburtoncompany,100,5439.0,HALLIBURTON CO
609,9393,TRIMBLE NAVIGATION LTD,trimblenavigation,trimble,58,22815.0,TRIMBLE INC
610,8516,SMITH MICRO SOFTWARE INC,smithmicrosoftware,smithmicrosoftware,100,61321.0,SMITH MICRO SOFTWARE INC
611,4163,GENZYME CORP,genzyme,genzyme,100,12233.0,GENZYME CORP
612,338,AFFYMETRIX INC,affymetrix,affymetrix,100,62990.0,AFFYMETRIX INC
613,1360,BIO RAD LABORATORIES INC,bioradlaboratories,bioradlaboratories,100,2220.0,BIO-RAD LABORATORIES INC
614,24743,FOUNDRY NETWORKS INC,foundrynetworks,foundrynetworks,100,124319.0,FOUNDRY NETWORKS INC
615,10523,AMEDISYS INC,amedisys,amedisys,100,30612.0,AMEDISYS INC
616,327,ADVANCED ENERGY INDUSTRIES INC,advancedenergyindustries,advancedenergyinds,86,61562.0,ADVANCED ENERGY INDS INC
617,5727,LINEAR TECHNOLOGY CORP,lineartechnology,lineartechnology,100,12216.0,LINEAR TECHNOLOGY CORP
618,11094,NCR CORP,ncr,ncr,100,7648.0,NCR CORP
619,3899,FTI CONSULTING INC,fticonsulting,fticonsulting,100,62823.0,FTI CONSULTING INC
620,5492,KOMAG INC,komag,komag,100,13369.0,KOMAG INC
621,908,ARTHROCARE CORP,arthrocare,arthrocare,100,61996.0,ARTHROCARE CORP
622,7111,PPG INDUSTRIES INC,ppgindustries,ppgindustries,100,8247.0,PPG INDUSTRIES INC
623,5885,MACROMEDIA INC,macromedia,macromedia,100,29381.0,MACROMEDIA INC
624,21407,SALIX PHARMACEUTICALS LTD,salixpharmaceuticals,osipharmaceuticals,89,12180.0,OSI PHARMACEUTICALS INC
625,834,APPLIED SIGNAL TECHNOLOGY INC,appliedsignaltechnology,appliedsignaltechnology,100,27997.0,APPLIED SIGNAL TECHNOLOGY
626,12503,RF MICRO DEVICES INC,rfmicrodevices,advancedmicrodevices,71,1161.0,ADVANCED MICRO DEVICES
627,14084,TYCO INTERNATIONAL LTD SWITZERLAND,tycointernationalltdswitzerland,tycointernational,71,10787.0,TYCO INTERNATIONAL PLC
628,6800,NORTEL NETWORKS CORP,nortelnetworks,nortelnetworks,100,7980.0,NORTEL NETWORKS CORP
629,10422,HAYES LEMMERZ INTERNATIONAL INC NEW,hayeslemmerzinternationalincnew,haynesinternational,72,23587.0,HAYNES INTERNATIONAL INC
630,6037,MCAFEE INC,mcafee,mcafee,100,25783.0,MCAFEE INC
631,195,AVX CORP,avx,avx,100,1072.0,AVX CORP
632,2083,CHECKPOINT SYSTEMS INC,checkpointsystems,checkpointsystems,100,2953.0,CHECKPOINT SYSTEMS INC
633,8769,STERIS CORP,steris,steris,100,25313.0,STERIS PLC
634,2084,CHEESECAKE FACTORY INC,cheesecakefactory,cheesecakefactory,100,25737.0,CHEESECAKE FACTORY INC
635,28414,NETGEAR INC,netgear,netgear,100,154039.0,NETGEAR INC
636,2629,CREDENCE SYSTEMS CORP,credencesystems,credencesystems,100,29085.0,CREDENCE SYSTEMS CORP
637,2443,COMTECH TELECOMMUNICATIONS CORP,comtechtelecommunications,octelcommunications,86,14264.0,OCTEL COMMUNICATIONS CORP
638,6010,MATTEL INC,mattel,mattel,100,7116.0,MATTEL INC
639,7171,PALL CORP,pall,pall,100,8304.0,PALL CORP
640,5908,MAGNETEK INC,magnetek,magnetek,100,12581.0,MAGNETEK INC
641,9140,TERADYNE INC,teradyne,teradyne,100,10453.0,TERADYNE INC
642,8055,ROSS STORES INC,rossstores,rossstores,100,9248.0,ROSS STORES INC
643,7478,PLAYTEX PRODUCTS INC,playtexproducts,playtexproducts,100,14470.0,PLAYTEX PRODUCTS INC
644,8273,MERCK & CO INC NEW,merckcoincnew,merckcompany,64,7257.0,MERCK & CO
645,4401,GTECH HOLDINGS CORP,gtechholdings,gtechholdings,100,25807.0,GTECH HOLDINGS CORP
646,23012,ENTRUST INC MD,entrustincmd,entrust,74,113609.0,ENTRUST INC
647,2984,DIODES INC,diodes,diodes,100,3969.0,DIODES INC
648,5614,LATTICE SEMICONDUCTOR CORP,latticesemiconductor,latticesemiconductor,100,16597.0,LATTICE SEMICONDUCTOR CORP
649,7873,REGAL BELOIT CORP,regalbeloit,regalrexnord,61,9016.0,REGAL REXNORD CORPORATION
650,9657,UNIVERSAL ELECTRONICS INC,universalelectronics,universalelectronics,100,27828.0,UNIVERSAL ELECTRONICS INC
651,22728,KING PHARMACEUTICALS INC,kingpharmaceuticals,kingpharmaceuticals,100,112033.0,KING PHARMACEUTICALS INC
652,5129,INTERMAGNETICS GENERAL CORP,intermagneticsgeneral,intermagneticsgeneral,100,6039.0,INTERMAGNETICS GENERAL CORP
653,25804,ENDO PHARMACEUTICALS HOLDINGS INC,endopharmaceuticalsholdings,parpharmaceutclhldgs,72,8333.0,PAR PHARMACEUTCL HLDGS -REDH
654,9965,WATTS WATER TECHNOLOGIES INC,wattswatertechnologies,wattswatertechnologies,100,12445.0,WATTS WATER TECHNOLOGIES INC
655,27807,SRA INTERNATIONAL INC,srainternational,srainternational,100,147660.0,SRA INTERNATIONAL INC
656,6577,NATIONAL INSTRUMENTS CORP,nationalinstruments,texasinstruments,74,10499.0,TEXAS INSTRUMENTS INC
657,28169,SEAGATE TECHNOLOGY NEW,seagatetechnologynew,seagatetechnologyold,85,9545.0,SEAGATE TECHNOLOGY-OLD
658,863,ARCTIC CAT INC,arcticcat,arcticcat,100,22461.0,ARCTIC CAT INC
659,9636,UNITED STATIONERS INC,unitedstationers,unitedstatessteel,73,23978.0,UNITED STATES STEEL CORP
660,2468,CONMED CORP,conmed,conmed,100,13623.0,CONMED CORP
661,7332,PERRIGO CO,perrigocompany,perrigocompany,100,24782.0,PERRIGO CO PLC
662,5546,LA Z BOY INC,lazboy,lazboy,100,6543.0,LA-Z-BOY INC
663,7542,PRECISION CASTPARTS CORP,precisioncastparts,precisioncastparts,100,8717.0,PRECISION CASTPARTS CORP
664,1570,BUCKEYE TECHNOLOGIES INC,buckeyetechnologies,buckeyetechnologies,100,61596.0,BUCKEYE TECHNOLOGIES INC
665,10376,NATIONAL OILWELL VARCO INC,nationaloilwellvarco,nationalfuelgascompany,62,7733.0,NATIONAL FUEL GAS CO
666,26321,IXIA,ixia,ixia,100,140759.0,IXIA
667,7176,PALOMAR MEDICAL TECHNOLOGIES INC,palomarmedicaltechnologies,palomarmedtechnologies,92,26038.0,PALOMAR MED TECHNOLOGIES INC
668,1564,BRUNSWICK CORP,brunswick,brunswick,100,2444.0,BRUNSWICK CORP
669,1523,BRIGGS & STRATTON CORP,briggsstratton,briggsstratton,100,2393.0,BRIGGS & STRATTON
670,6041,MCDERMOTT INTERNATIONAL INC,mcdermottinternational,cameroninternational,81,60894.0,CAMERON INTERNATIONAL CORP
671,2454,CONCORD CAMERA CORP,concordcamera,concordcamera,100,14808.0,CONCORD CAMERA CORP
672,10015,WEST PHARMACEUTICAL SERVICES INC,westpharmaceuticalservices,westpharmaceuticalsvsc,88,11376.0,WEST PHARMACEUTICAL SVSC INC
673,25104,INFONET SERVICES CORP,infonetservices,intervoice,72,6152.0,INTERVOICE INC
674,2540,COPART INC,copart,copart,100,29901.0,COPART INC
675,1100,BMC SOFTWARE INC,bmcsoftware,bmcsoftware,100,14650.0,BMC SOFTWARE INC
676,4719,HOME DEPOT INC,homedepot,homedepot,100,5680.0,HOME DEPOT INC
677,3518,FLIR SYSTEMS INC,flirsystems,flirsystems,100,28477.0,FLIR SYSTEMS INC
678,7008,ORBITAL SCIENCES CORP,orbitalsciences,orbitalsciences,100,21496.0,ORBITAL SCIENCES CORP
679,4464,HAEMONETICS CORP,haemonetics,haemonetics,100,24021.0,HAEMONETICS CORP
680,8951,SYNOPSYS INC,synopsys,synopsys,100,24975.0,SYNOPSYS INC
681,24907,AKAMAI TECHNOLOGIES INC,akamaitechnologies,akamaitechnologies,100,125595.0,AKAMAI TECHNOLOGIES INC
682,10098,WILLIAMS SONOMA INC,williamssonoma,williamssonoma,100,11511.0,WILLIAMS-SONOMA INC
683,13406,METTLER TOLEDO INTERNATIONAL INC,mettlertoledointernational,mettlertoledointl,79,65772.0,METTLER-TOLEDO INTL INC
684,6656,NETWORK APPLIANCE INC,networkappliance,networksolutions,62,65488.0,NETWORK SOLUTIONS INC
685,8218,SANDISK CORP,sandisk,sandisk,100,61513.0,SANDISK CORP
686,9363,TREDEGAR CORP,tredegar,tredegar,100,15459.0,TREDEGAR CORP
687,8565,SONIC SOLUTIONS,sonicsolutions,sonicsolutions,100,29709.0,SONIC SOLUTIONS
688,1509,CHRISTOPHER & BANKS CORP,christopherbanks,christopherbanks,100,25108.0,CHRISTOPHER & BANKS CORP
689,10688,VIASAT INC,viasat,viasat,100,64088.0,VIASAT INC
690,8449,SIGMA DESIGNS INC,sigmadesigns,sigmadesigns,100,12234.0,SIGMA DESIGNS INC
691,27484,SYNAPTICS INC,synaptics,synaptics,100,142814.0,SYNAPTICS INC
692,23625,SERENA SOFTWARE INC,serenasoftware,serenasoftware,100,118321.0,SERENA SOFTWARE INC
693,24507,GENENTECH INC,genentech,genentech,100,5020.0,GENENTECH INC
694,7035,OSHKOSH CORP,oshkosh,oshkosh,100,11721.0,OSHKOSH CORP
695,7204,PTC INC,ptc,ptc,100,18699.0,PTC INC
696,3044,ASCENA RETAIL GROUP INC,ascenaretailgroup,ascenaretailgroup,100,4072.0,ASCENA RETAIL GROUP INC
697,11921,NEOMAGIC CORP,neomagic,neomagic,100,64485.0,NEOMAGIC CORP
698,2492,BIGLARI HOLDINGS INC,biglariholdings,biglariholdings,100,3424.0,BIGLARI HOLDINGS INC
699,24930,PACTIV CORP,pactiv,pactiv,100,125533.0,PACTIV CORP
700,6902,OCEANEERING INTERNATIONAL INC,oceaneeringinternational,oceaneeringinternational,100,8079.0,OCEANEERING INTERNATIONAL
701,24351,DITECH NETWORKS INC,ditechnetworks,ditechnetworks,100,121153.0,DITECH NETWORKS INC
702,9449,TYSON FOODS INC,tysonfoods,tysonfoodsinc,87,10793.0,TYSON FOODS INC  -CL A
703,624,AMERICAN MANAGEMENT SYSTEMS INC,americanmanagementsystems,americanmanagementsystems,100,1500.0,AMERICAN MANAGEMENT SYSTEMS
704,7574,COSTCO WHOLESALE CORP NEW,costcowholesalecorpnew,costcowholesale,81,29028.0,COSTCO WHOLESALE CORP
705,668,AMERICAN SCIENCE & ENGINEERING INC,americanscienceengineering,americangreetings,65,1468.0,AMERICAN GREETINGS  -CL A
706,27317,VIASYS HEALTHCARE INC,viasyshealthcare,viasyshealthcare,100,145854.0,VIASYS HEALTHCARE INC
707,5272,J & J SNACK FOODS CORP,jjsnackfoods,jjsnackfoods,100,12825.0,J & J SNACK FOODS CORP
708,7418,PIER 1 IMPORTS INC,pier1imports,pier1importsincde,83,8579.0,PIER 1 IMPORTS INC/DE
709,3565,FAMILY DOLLAR STORES INC,familydollarstores,familydollarstores,100,4560.0,FAMILY DOLLAR STORES
710,359,AIR PRODUCTS & CHEMICALS INC,airproductschemicals,airproductschemicals,100,1209.0,AIR PRODUCTS & CHEMICALS INC
711,2874,EBIX INC,ebix,zix,57,16531.0,ZIX CORP
712,23030,SCOLR PHARMA INC,scolrpharma,scielepharma,78,135986.0,SCIELE PHARMA INC
713,26105,J M SMUCKER CO,jmsmuckercompany,smuckerjmcompany,88,9777.0,SMUCKER (JM) CO
714,3689,FIRST CASH FINANCIAL SERVICES INC,firstcashfinancialservices,hartfordfinancialservices,75,61739.0,HARTFORD FINANCIAL SERVICES
715,2278,COHERENT INC,coherent,coherent,100,3157.0,COHERENT INC
716,3185,EASTMAN CHEMICAL CO,eastmanchemicalcompany,eastmanchemicalcompany,100,29392.0,EASTMAN CHEMICAL CO
717,10734,ROCKWELL AUTOMATION INC,rockwellautomation,rockwellautomation,100,9203.0,ROCKWELL AUTOMATION
718,8513,A O SMITH CORP,aosmith,smithao,71,9771.0,SMITH (A.O.)
719,12082,TAKE TWO INTERACTIVE SOFTWARE INC,taketwointeractivesoftware,taketwointeractivesftwr,94,64630.0,TAKE-TWO INTERACTIVE SFTWR
720,7774,RPM INTERNATIONAL INC,rpminternational,rpminternational,100,8902.0,RPM INTERNATIONAL INC
721,7712,QUAKER CHEMICAL CORP,quakerchemical,archchemicals,74,117862.0,ARCH CHEMICALS INC
722,5863,MSC INDUSTRIAL DIRECT CO INC,mscindustrialdirectcompany,mscindustrialdirect,84,61732.0,MSC INDUSTRIAL DIRECT  -CL A
723,9729,VALSPAR CORP,valspar,valspar,100,11096.0,VALSPAR CORP
724,8818,STRYKER CORP,stryker,stryker,100,10115.0,STRYKER CORP
725,862,ARCHER DANIELS MIDLAND CO,archerdanielsmidlandcompany,archerdanielsmidlandcompany,100,1722.0,ARCHER-DANIELS-MIDLAND CO
726,10412,AWARE INC,aware,aware,100,63454.0,AWARE INC
727,4130,GENESCO INC,genesco,genesco,100,5109.0,GENESCO INC
728,9856,VITESSE SEMICONDUCTOR CORP,vitessesemiconductor,vitessesemiconductor,100,24803.0,VITESSE SEMICONDUCTOR CORP
729,831,ACTUANT CORP,actuant,alcan,67,1243.0,ALCAN INC
730,1495,BOYD GAMING CORP,boydgaming,boydgaming,100,29011.0,BOYD GAMING CORP
731,3113,PERKINELMER INC,perkinelmer,perkinelmer,100,4145.0,PERKINELMER INC
732,375,AKORN INC,akorn,aon,75,3221.0,AON PLC
733,8419,SHERWIN WILLIAMS CO,sherwinwilliamscompany,sherwinwilliamscompany,100,9667.0,SHERWIN-WILLIAMS CO
734,5422,KEMET CORP,kemet,kemet,100,25848.0,KEMET CORP
735,24424,STAMPS COM INC,stampscom,stampscom,100,121673.0,STAMPS.COM INC
736,5939,MANPOWERGROUP INC,manpowergroup,manpowergroup,100,14370.0,MANPOWERGROUP
737,6135,MENTOR GRAPHICS CORP,mentorgraphics,mentorgraphics,100,7251.0,MENTOR GRAPHICS CORP
738,11761,RADIANT SYSTEMS INC,radiantsystems,radiantsystems,100,64383.0,RADIANT SYSTEMS INC
739,7721,QUALITY SYSTEMS INC,qualitysystems,pliantsystems,74,28533.0,PLIANT SYSTEMS INC
740,7460,PLANAR SYSTEMS INC,planarsystems,planarsystems,100,29435.0,PLANAR SYSTEMS INC
741,19401,INGREDION INC,ingredion,ingredion,100,66016.0,INGREDION INC
742,5840,MGM RESORTS INTERNATIONAL,mgmresortsinternational,mgmresortsinternational,100,14418.0,MGM RESORTS INTERNATIONAL
743,4414,GUIDANT CORP,guidant,guidant,100,31166.0,GUIDANT CORP
744,4649,JACK HENRY & ASSOCIATES INC,jackhenryassociates,henryjackassociates,79,11811.0,HENRY (JACK) & ASSOCIATES
745,9044,TECH DATA CORP,techdata,techdata,100,12171.0,TECH DATA CORP
746,25402,UTSTARCOM HOLDINGS CORP,utstarcomholdings,utstarcomholdings,100,132525.0,UTSTARCOM HOLDINGS CORP
747,18939,YUM BRANDS INC,yumbrands,yumbrands,100,65417.0,YUM BRANDS INC
748,5936,MANITOWOC CO INC,manitowoccompany,manitowoccompany,100,6994.0,MANITOWOC CO
749,19778,VISUAL NETWORKS INC,visualnetworks,visualnetworks,100,66447.0,VISUAL NETWORKS INC
750,4652,HERCULES INC,hercules,hercules,100,5589.0,HERCULES INC
751,3889,JACK IN THE BOX INC DE,jackintheboxincde,jackinthebox,83,13092.0,JACK IN THE BOX INC
752,23733,VARIAN INC,varian,varian,100,119216.0,VARIAN INC
753,5737,LITTELFUSE INC DE,littelfuseincde,littelfuse,80,25747.0,LITTELFUSE INC
754,7743,QUIKSILVER INC,quiksilver,quiksilver,100,12868.0,QUIKSILVER INC
755,10367,TRIUMPH GROUP INC DE,triumphgroupincde,triumphgroup,83,63876.0,TRIUMPH GROUP INC
756,24413,CYBERSOURCE CORP,cybersource,cybersource,100,121656.0,CYBERSOURCE CORP
757,9201,THOMAS & BETTS CORP,thomasbetts,thomasbetts,100,10540.0,THOMAS & BETTS CORP
758,9678,UNOCAL CORP,unocal,unocal,100,11038.0,UNOCAL CORP
759,6535,NANOMETRICS INC,nanometrics,nanometrics,100,7682.0,NANOMETRICS INC
760,8907,SUPERTEX INC,supertex,supertex,100,10200.0,SUPERTEX INC
761,28941,SALESFORCE COM INC,salesforcecom,salesforce,87,157855.0,SALESFORCE INC
762,14045,FARO TECHNOLOGIES INC,farotechnologies,farotechnologies,100,65421.0,FARO TECHNOLOGIES INC
763,1540,BROADVISION INC,broadvision,broadvision,100,63099.0,BROADVISION INC
764,731,AMPHENOL CORP,amphenol,amphenol,100,14282.0,AMPHENOL CORP
765,2165,MILACRON INC,milacron,milacron,100,3041.0,MILACRON INC
766,9099,TELEFLEX INC,teleflex,teleflex,100,10407.0,TELEFLEX INC
767,5023,INNOVEX INC,innovex,innovex,100,5973.0,INNOVEX INC
768,6441,MOTOROLA SOLUTIONS INC,motorolasolutions,motorolasolutions,100,7585.0,MOTOROLA SOLUTIONS INC
769,5489,KOHL S CORP,kohls,kohls,100,25283.0,KOHL'S CORP
770,719,AMETEK INC NEW,ametekincnew,ametek,67,1598.0,AMETEK INC
771,608,WYETH,wyeth,wyeth,100,1478.0,WYETH
772,23756,EXTREME NETWORKS INC,extremenetworks,extremenetworks,100,119574.0,EXTREME NETWORKS INC
773,22757,MOODY S CORP,moodys,moodys,100,139665.0,MOODY'S CORP
774,29006,BLACKBAUD INC,blackbaud,blackbaud,100,260893.0,BLACKBAUD INC
775,3135,ESCO TECHNOLOGIES INC,escotechnologies,escotechnologies,100,23224.0,ESCO TECHNOLOGIES INC
776,3296,EMERSON ELECTRIC CO,emersonelectriccompany,emersonelectriccompany,100,4321.0,EMERSON ELECTRIC CO
777,7999,RITE AID CORP,riteaid,riteaid,100,9155.0,RITE AID CORP
778,5065,INTEGRAL SYSTEMS INC,integralsystems,integralsystems,100,22059.0,INTEGRAL SYSTEMS INC
779,4913,IMATION CORP,imation,materion,80,2448.0,MATERION CORP
780,22565,AXT INC,axt,axt,100,110760.0,AXT INC
781,28024,CONOCOPHILLIPS,conocophillips,conocophillips,100,8549.0,CONOCOPHILLIPS
782,9220,THREE FIVE SYSTEMS INC,threefivesystems,threefivesystems,100,21763.0,THREE-FIVE SYSTEMS INC
783,2714,CYTEC INDUSTRIES INC,cytecindustries,cytecindustries,100,29511.0,CYTEC INDUSTRIES INC
784,9900,WABASH NATIONAL CORP,wabashnational,wabashnational,100,24720.0,WABASH NATIONAL CORP
785,28868,NUVASIVE INC,nuvasive,nuvasive,100,264385.0,NUVASIVE INC
786,11743,BIOSITE INC,biosite,biosite,100,64375.0,BIOSITE INC
787,28509,LKQ CORP,lkq,lkq,100,155394.0,LKQ CORP
788,1395,BIOLASE INC,biolase,biolase,100,23291.0,BIOLASE INC
789,6933,OLIN CORP,olin,olin,100,8123.0,OLIN CORP
790,7468,EPICOR SOFTWARE CORP,epicorsoftware,epicorsoftware,100,25859.0,EPICOR SOFTWARE CORP -OLD
791,7493,POLARIS INDUSTRIES INC,polarisindustries,springsindustries,82,9963.0,SPRINGS INDUSTRIES  -CL A
792,2893,DENTSPLY INTERNATIONAL INC DE,dentsplyinternationalincde,dendriteinternational,72,60950.0,DENDRITE INTERNATIONAL INC
793,6147,MERCK & CO INC,merckcompany,merckcompany,100,7257.0,MERCK & CO
794,2113,BJ S RESTAURANTS INC,bjsrestaurants,bjsrestaurants,100,63739.0,BJ'S RESTAURANTS INC
795,5237,IOMEGA CORP,iomega,iomega,100,6169.0,IOMEGA CORP
796,8050,ROPER INDUSTRIES INC,roperindustries,cooperindustries,90,3497.0,COOPER INDUSTRIES PLC
797,5463,KINETIC CONCEPTS INC,kineticconcepts,cytokinetics,59,158563.0,CYTOKINETICS INC
798,22529,L 3 COMMUNICATIONS HOLDINGS INC,l3communicationsholdings,level3communications,73,13440.0,LEVEL 3 COMMUNICATIONS INC
799,1871,ALMOST FAMILY INC,almostfamily,almostfamily,100,13800.0,ALMOST FAMILY INC
800,2609,HEADWATERS INC,headwaters,headwaters,100,61576.0,HEADWATERS INC
801,2673,CUBIC CORP,cubic,chubb,60,,
802,737,ZIX CORP,zix,zix,100,16531.0,ZIX CORP
803,5428,KENSEY NASH CORP,kenseynash,kenseynash,100,61703.0,KENSEY NASH CORP
804,10459,UNITED NATURAL FOODS INC,unitednaturalfoods,unitednaturalfoods,100,63927.0,UNITED NATURAL FOODS INC
805,8528,SNAP ON INC,snapon,snapon,100,9778.0,SNAP-ON INC
806,29259,MONOLITHIC POWER SYSTEMS INC,monolithicpowersystems,monolithicpowersystems,100,160888.0,MONOLITHIC POWER SYSTEMS INC
807,29276,NEENAH PAPER INC,neenahpaper,neenah,71,162264.0,NEENAH INC
808,2746,J JILL GROUP INC,jjillgroup,jjillgroup,100,29105.0,J JILL GROUP INC
809,28851,HOSPIRA INC,hospira,hospira,100,160255.0,HOSPIRA INC
810,2977,DILLARD S INC,dillards,dillardsinc,84,3964.0,DILLARDS INC  -CL A
811,12800,COMMUNITY HEALTH SYSTEMS INC,communityhealthsystems,communityhealthsystems,100,23714.0,COMMUNITY HEALTH SYSTEMS INC
812,19041,PERICOM SEMICONDUCTOR CORP,pericomsemiconductor,pericomsemiconductor,100,65739.0,PERICOM SEMICONDUCTOR CORP
813,6390,MONARCH CASINO & RESORT INC,monarchcasinoresort,monarchcasinoresort,100,28704.0,MONARCH CASINO & RESORT INC
814,8968,TBC CORP NEW,tbccorpnew,nbtbancorp,60,19094.0,N B T BANCORP INC
815,5569,LAM RESEARCH CORP,lamresearch,lamresearch,100,6565.0,LAM RESEARCH CORP
816,3506,FEI CO,feicompany,feicompany,100,31881.0,FEI CO
817,9560,UNISYS CORP,unisys,unisys,100,2504.0,UNISYS CORP
818,8763,STEPAN CO,stepancompany,stepancompany,100,10056.0,STEPAN CO
819,4096,GENCORP INC,gencorp,xencor,77,18938.0,XENCOR INC
820,28949,CABELA S INC,cabelas,cabelas,100,264708.0,CABELAS INC
821,2826,DATASCOPE CORP,datascope,datascope,100,3786.0,DATASCOPE CORP
822,10052,WESTINGHOUSE AIR BRAKE TECHNOLOGIES CORP,westinghouseairbraketechnologies,powerhousetechnologies,70,24345.0,POWERHOUSE TECHNOLOGIES INC
823,1458,BOOKS A MILLION INC,booksamillion,booksamillion,100,25896.0,BOOKS-A-MILLION INC
824,7558,SIX FLAGS ENTERTAINMENT CORP NEW,sixflagsentertainmentcorpnew,sixflagsentertainment,86,10567.0,SIX FLAGS ENTERTAINMENT CORP
825,10176,XILINX INC,xilinx,xilinx,100,22325.0,XILINX INC
826,6714,NEWPORT CORP,newport,newport,100,7883.0,NEWPORT CORP
827,764,ANDERSONS INC,andersons,andersons,100,1659.0,ANDERSONS INC
828,9135,TENNANT CO,tennantcompany,tennantcompany,100,10441.0,TENNANT CO
829,5384,K2 INC,k2,k2,100,1677.0,K2 INC
830,24863,CIRCOR INTERNATIONAL INC,circorinternational,varcointernational,86,20993.0,VARCO INTERNATIONAL INC
831,9522,UNIFI INC,unifi,unifi,100,10839.0,UNIFI INC
832,25893,AVOCENT CORP,avocent,avocent,100,64397.0,AVOCENT CORP
833,1699,CTS CORP,cts,cts,100,2577.0,CTS CORP
834,9157,TEXAS INSTRUMENTS INC,texasinstruments,texasinstruments,100,10499.0,TEXAS INSTRUMENTS INC
835,27082,ZIMMER HOLDINGS INC,zimmerholdings,zimmerbiometholdings,82,144559.0,ZIMMER BIOMET HOLDINGS INC
836,27278,ODYSSEY HEALTHCARE INC,odysseyhealthcare,odysseyhealthcare,100,141847.0,ODYSSEY HEALTHCARE INC
837,9424,VARCO INTERNATIONAL INC DE,varcointernationalincde,varcointernational,88,20993.0,VARCO INTERNATIONAL INC
838,5147,INTERNATIONAL BUSINESS MACHINES CORP,internationalbusinessmachines,intlbusinessmachines,82,6066.0,INTL BUSINESS MACHINES CORP
839,27186,UNITED ONLINE INC,unitedonline,unitedonline,100,124198.0,UNITED ONLINE INC
840,437,ALLERGAN INC,allergan,allergan,100,,
841,2537,COOPER TIRE & RUBBER CO,coopertirerubbercompany,coopertirerubbercompany,100,3502.0,COOPER TIRE & RUBBER CO
842,1743,CALGON CARBON CORP,calgoncarbon,calgoncarbon,100,13406.0,CALGON CARBON CORP
843,5812,LYONDELL CHEMICAL CO,lyondellchemicalcompany,lyondellchemicalcompany,100,15110.0,LYONDELL CHEMICAL CO
844,10410,ANSYS INC,ansys,ansys,100,63080.0,ANSYS INC
845,24339,SKECHERS U S A INC,skechersusa,lechters,63,16454.0,LECHTERS INC
846,9207,THOR INDUSTRIES INC,thorindustries,thorindustries,100,10549.0,THOR INDUSTRIES INC
847,19010,DRIL QUIP INC,drilquip,drilquip,100,65671.0,DRIL-QUIP INC
848,8121,SCP POOL CORP,scppool,pool,73,61420.0,POOL CORP
849,10217,ZEBRA TECHNOLOGIES CORP,zebratechnologies,zebratechnologiescp,94,24405.0,ZEBRA TECHNOLOGIES CP  -CL A
850,7498,POLYCOM INC,polycom,polycom,100,62730.0,POLYCOM INC
851,5535,LSI CORP DE,lsicorpde,syncorintlcorpde,64,10238.0,SYNCOR INTL CORP/DE
852,4733,HON INDUSTRIES INC,honindustries,harmonindustries,90,9308.0,HARMON INDUSTRIES INC
853,3032,DOVER CORP,dover,dover,100,4058.0,DOVER CORP
854,9167,TEXTRON INC,textron,textron,100,10519.0,TEXTRON INC
855,5713,ELI LILLY & CO,elilillycompany,lillyelicompany,80,6730.0,LILLY (ELI) & CO
856,987,ATMEL CORP,atmel,atmel,100,23767.0,ATMEL CORP
857,4519,HARLEY DAVIDSON INC,harleydavidson,harleydavidson,100,12389.0,HARLEY-DAVIDSON INC
858,10206,YORK INTERNATIONAL CORP,yorkinternational,yorkinternational,100,13135.0,YORK INTERNATIONAL CORP
859,26948,FMC TECHNOLOGIES INC,fmctechnologies,fmctechnologies,100,142811.0,FMC TECHNOLOGIES INC
860,4288,GRACO INC,graco,graco,100,5252.0,GRACO INC
861,3519,FMC CORP,fmc,fmc,100,4510.0,FMC CORP
862,5793,LUBY S INC,lubys,lubys,100,6831.0,LUBYS INC
863,2657,CROWN HOLDINGS INC,crownholdings,crownholdings,100,3619.0,CROWN HOLDINGS INC
864,7279,J C PENNEY CO INC NEW,jcpenneycoincnew,consecofinance,60,5331.0,CONSECO FINANCE CORP
865,1266,BED BATH & BEYOND INC,bedbathbeyond,bedbathbeyond,100,25338.0,BED BATH & BEYOND INC
866,9777,AXSYS TECHNOLOGIES INC,axsystechnologies,axsystechnologies,100,11142.0,AXSYS TECHNOLOGIES INC
867,2935,DIAGNOSTIC PRODUCTS CORP,diagnosticproducts,diagnosticproducts,100,3917.0,DIAGNOSTIC PRODUCTS CORP
868,24862,PACKAGING CORP OF AMERICA,packagingcorpofamerica,packagingcorpofamerica,100,128978.0,PACKAGING CORP OF AMERICA
869,6622,NATURE S SUNSHINE PRODUCTS INC,naturessunshineproducts,naturessunshineprods,93,7799.0,NATURES SUNSHINE PRODS INC
870,27140,AMERISOURCEBERGEN CORP,amerisourcebergen,amerisourcebergen,100,31673.0,AMERISOURCEBERGEN CORP
871,9755,VEECO INSTRUMENTS INC DE,veecoinstrumentsincde,veecoinstruments,86,11124.0,VEECO INSTRUMENTS INC
872,5987,MARTEK BIOSCIENCES CORP,martekbiosciences,martekbiosciences,100,29278.0,MARTEK BIOSCIENCES CORP
873,25560,VALUECLICK INC,valueclick,valuehealth,57,23826.0,VALUE HEALTH INC
874,24531,J2 GLOBAL INC,j2global,joyglobal,82,13003.0,JOY GLOBAL INC
875,24790,OMNOVA SOLUTIONS INC,omnovasolutions,omnovasolutions,100,124254.0,OMNOVA SOLUTIONS INC
876,7320,PERFORMANCE FOOD GROUP CO,performancefoodgroupcompany,performancefoodgroupcompany,100,28787.0,PERFORMANCE FOOD GROUP CO
877,4759,HOT TOPIC INC,hottopic,hottopic,100,63621.0,HOT TOPIC INC
878,4155,GENUINE PARTS CO,genuinepartscompany,genuinepartscompany,100,5125.0,GENUINE PARTS CO
879,10006,WENDY S INTERNATIONAL INC,wendysinternational,wendysinternational,100,11366.0,WENDY'S INTERNATIONAL INC
880,2617,CRANE CO,cranecompany,labranchecompany,79,123097.0,LABRANCHE & CO INC
881,8760,STEIN MART INC,steinmart,steinmart,100,25186.0,STEIN MART INC
882,22126,SONOSITE INC,sonosite,sonosite,100,66728.0,SONOSITE INC
883,5458,KIMBERLY CLARK CORP,kimberlyclark,kimberlyclark,100,6435.0,KIMBERLY-CLARK CORP
884,1909,CASEY S GENERAL STORES INC,caseysgeneralstores,caseysgeneralstores,100,2807.0,CASEYS GENERAL STORES INC
885,4542,HARSCO CORP,harsco,harsco,100,5496.0,HARSCO CORP
886,2886,DELUXE CORP,deluxe,deluxe,100,3863.0,DELUXE CORP
887,5668,LEUCADIA NATIONAL CORP,leucadianational,citynational,71,3082.0,CITY NATIONAL CORP
888,25728,VISTEON CORP,visteon,visteon,100,136648.0,VISTEON CORP
889,9447,TYLER TECHNOLOGIES INC,tylertechnologies,tylertechnologies,100,10789.0,TYLER TECHNOLOGIES INC
890,25017,XO GROUP INC,xogroup,xogroup,100,127094.0,XO GROUP INC
891,27814,ADVANCED MEDICAL OPTICS INC,advancedmedicaloptics,advancedmedicaloptics,100,148870.0,ADVANCED MEDICAL OPTICS INC
892,9494,UNITED STATES STEEL CORP NEW,unitedstatessteelcorpnew,unitedstatessteel,83,23978.0,UNITED STATES STEEL CORP
893,114,AAON INC,aaon,aaon,100,21542.0,AAON INC
894,22720,INTRADO INC,intrado,intrado,100,112004.0,INTRADO INC
895,8376,SEPRACOR INC,sepracor,sepracor,100,24473.0,SEPRACOR INC
896,26211,HYDRIL CO,hydrilcompany,hydrilcompany,100,140027.0,HYDRIL CO
897,25541,WEBSENSE INC,websense,websense,100,133432.0,WEBSENSE INC
898,18959,IDENTIVE GROUP INC,identivegroup,ideongroup,78,9350.0,IDEON GROUP INC
899,2108,CHEVRON CORP,chevron,chevron,100,2991.0,CHEVRON CORP
900,1717,BELDEN CDT INC,beldencdt,belden,80,28940.0,BELDEN INC
901,27868,PROCERA NETWORKS INC NV,proceranetworksincnv,proceranetworks,86,158791.0,PROCERA NETWORKS INC
902,22797,BEL FUSE INC,belfuse,belfuse,100,2124.0,BEL FUSE INC
903,28878,BLUE NILE INC,bluenile,bluenile,100,264391.0,BLUE NILE INC
904,9443,II VI INC,iivi,iivi,100,14561.0,II-VI INC
905,28988,PHASE FORWARD INC,phaseforward,forwardair,64,29206.0,FORWARD AIR CORP
906,1113,BADGER METER INC,badgermeter,badgermeter,100,1968.0,BADGER METER INC
907,29877,RUTH S CHRIS STEAK HOUSE INC,ruthschrissteakhouse,christopherbanks,56,25108.0,CHRISTOPHER & BANKS CORP
908,5888,STEVEN MADDEN LTD,stevenmadden,steinmart,57,25186.0,STEIN MART INC
909,4739,HOOPER HOLMES INC,hooperholmes,hooperholmes,100,5697.0,HOOPER HOLMES INC
910,29822,HITTITE MICROWAVE CORP,hittitemicrowave,smithmicrosoftware,59,61321.0,SMITH MICRO SOFTWARE INC
911,29741,TREEHOUSE FOODS INC,treehousefoods,treehousefoods,100,163983.0,TREEHOUSE FOODS INC
912,11918,ROVI CORP,rovi,providian,62,65351.0,PROVIDIAN CORP
913,29032,VOLTERRA SEMICONDUCTOR CORP,volterrasemiconductor,volterrasemiconductor,100,160505.0,VOLTERRA SEMICONDUCTOR CORP
914,29857,MWI VETERINARY SUPPLY INC,mwiveterinarysupply,westerngasresources,53,18705.0,WESTERN GAS RESOURCES INC
915,29070,GOOGLE INC,google,pool,60,61420.0,POOL CORP
916,30072,IROBOT CORP,irobot,irobot,100,164416.0,IROBOT CORP
917,29198,DREAMWORKS ANIMATION SKG INC,dreamworksanimationskg,dreamworksanimationskg,100,160912.0,DREAMWORKS ANIMATION SKG INC
918,8036,ROFIN SINAR TECHNOLOGIES INC,rofinsinartechnologies,rofinsinartechnologies,100,63651.0,ROFIN SINAR TECHNOLOGIES INC
919,29690,LHC GROUP INC,lhcgroup,hcigroup,88,179974.0,HCI GROUP INC
920,6059,MEASUREMENT SPECIALTIES INC,measurementspecialties,sybrondentalspecialties,71,141321.0,SYBRON DENTAL SPECIALTIES
921,999,AUDIOVOX CORP,audiovox,advo,67,13025.0,ADVO INC
922,29972,TALEO CORP,taleo,taleo,100,165244.0,TALEO CORP
923,9246,TITAN INTERNATIONAL INC,titaninternational,titaninternational,100,28295.0,TITAN INTERNATIONAL INC
924,26878,NAPSTER INC,napster,napster,100,143527.0,NAPSTER INC
925,8389,SERVICE CORP INTERNATIONAL,servicecorpinternational,servicecorpinternational,100,9611.0,SERVICE CORP INTERNATIONAL
926,23605,ARCH CHEMICALS INC,archchemicals,archchemicals,100,117862.0,ARCH CHEMICALS INC
927,29037,RIGHTNOW TECHNOLOGIES INC,rightnowtechnologies,rightnowtechnologies,100,160415.0,RIGHTNOW TECHNOLOGIES INC
928,29142,TEXAS ROADHOUSE INC,texasroadhouse,texasindustries,62,10498.0,TEXAS INDUSTRIES INC
929,29534,SEARS HOLDINGS CORP,searsholdings,searsholdings,100,6307.0,SEARS HOLDINGS CORP
930,4518,JOHN H HARLAND CO,johnhharlandcompany,harlandjohnhcompany,74,5476.0,HARLAND (JOHN H.) CO
931,29613,VERIFONE HOLDINGS INC,verifoneholdings,veritexholdings,84,21633.0,VERITEX HOLDINGS INC
932,29112,COGENT INC,cogent,mycogen,77,13468.0,MYCOGEN CORP
933,8520,SMITHFIELD FOODS INC,smithfieldfoods,smithfieldfoods,100,9774.0,SMITHFIELD FOODS INC
934,9483,USG CORP,usg,usg,100,10816.0,USG CORP
935,29709,MICRUS ENDOVASCULAR CORP,micrusendovascular,micrusendovascular,100,163102.0,MICRUS ENDOVASCULAR CORP
936,2494,BIG LOTS INC,biglots,biglots,100,12123.0,BIG LOTS INC
937,19043,INTERMEC INC,intermec,intermec,100,65676.0,INTERMEC INC
938,8823,STURM RUGER & CO INC,sturmrugercompany,sturmrugercompany,100,10124.0,STURM RUGER & CO INC
939,30303,ACORDA THERAPEUTICS INC,acordatherapeutics,acordatherapeutics,100,156617.0,ACORDA THERAPEUTICS INC
940,30810,HANESBRANDS INC,hanesbrands,hanesbrands,100,175319.0,HANESBRANDS INC
941,30591,SYNCHRONOSS TECHNOLOGIES INC,synchronosstechnologies,synchronosstechnologies,100,166593.0,SYNCHRONOSS TECHNOLOGIES
942,30298,CROCS INC,crocs,crocs,100,164755.0,CROCS INC
943,7055,OWENS CORNING NEW,owenscorningnew,owenscorning,89,8214.0,OWENS CORNING
944,27007,FIDELITY NATIONAL INFO SERVICES INC GA,fidelitynationalinfoservicesincga,fidelitynationalinfosvcs,84,165993.0,FIDELITY NATIONAL INFO SVCS
945,30651,J CREW GROUP INC,jcrewgroup,jcrewgroup,100,116104.0,J CREW GROUP INC
946,31024,FIRST SOLAR INC,firstsolar,firstsolar,100,175404.0,FIRST SOLAR INC
947,31008,EMERGENT BIOSOLUTIONS INC,emergentbiosolutions,emergentbiosolutions,100,176022.0,EMERGENT BIOSOLUTIONS INC
948,31020,ALBERTO CULVER CO NEW,albertoculverconew,albertoculvercompany,84,1239.0,ALBERTO-CULVER CO
949,6866,O CHARLEY S INC,ocharleys,ocharleys,100,22829.0,O'CHARLEY'S INC
950,30253,CHIPOTLE MEXICAN GRILL INC,chipotlemexicangrill,chipotlemexicangrill,100,165914.0,CHIPOTLE MEXICAN GRILL INC
951,9474,USANA HEALTH SCIENCES INC,usanahealthsciences,usanahealthsciences,100,63863.0,USANA HEALTH SCIENCES INC
952,391,ALBEMARLE CORP,albemarle,albemarle,100,29751.0,ALBEMARLE CORP
953,2135,CHIRON CORP,chiron,chiron,100,3011.0,CHIRON CORP
954,29863,DRESSER RAND GROUP INC,dresserrandgroup,dresserrandgroup,100,163948.0,DRESSER-RAND GROUP INC
955,29629,ZUMIEZ INC,zumiez,luminex,62,133504.0,LUMINEX CORP
956,3007,DOLLAR GENERAL CORP,dollargeneral,dollargeneral,100,4016.0,DOLLAR GENERAL CORP
957,3870,FLOW INTERNATIONAL CORP,flowinternational,wwinternational,88,145308.0,WW INTERNATIONAL INC
958,25709,SCIELE PHAMA INC,scielephama,scielepharma,96,135986.0,SCIELE PHARMA INC
959,9397,NYFIX INC,nyfix,nyfix,100,26523.0,NYFIX INC
960,7727,QUANTUM CORP,quantum,quantum,100,8867.0,QUANTUM CORP
961,30843,RIVERBED TECHNOLOGY INC,riverbedtechnology,riverbedtechnology,100,174317.0,RIVERBED TECHNOLOGY INC
962,24659,TWEEN BRANDS INC,tweenbrands,tweenbrands,100,122778.0,TWEEN BRANDS INC
963,9319,ACI WORLDWIDE INC,aciworldwide,aciworldwide,100,31564.0,ACI WORLDWIDE INC
964,31702,TYCO ELECTRONICS LTD,tycoelectronics,wyleelectronics,80,11614.0,WYLE ELECTRONICS
965,18039,TERADATA CORP,teradata,teradata,100,178310.0,TERADATA CORP
966,30976,INNOPHOS HOLDINGS INC,innophosholdings,innophosholdings,100,174567.0,INNOPHOS HOLDINGS INC
967,3608,MACY S INC,macys,macys,100,4611.0,MACY'S INC
968,32160,RUBICON TECHNOLOGY INC,rubicontechnology,rubicontechnology,100,178865.0,RUBICON TECHNOLOGY INC
969,31242,CENTRAL GARDEN & PET CO,centralgardenpetcompany,centralgardenpetcompany,100,25536.0,CENTRAL GARDEN & PET CO
970,31349,SOURCEFIRE INC,sourcefire,sourcefire,100,176556.0,SOURCEFIRE INC
971,31413,SUPER MICRO COMPUTER INC,supermicrocomputer,supermicrocomputer,100,176567.0,SUPER MICRO COMPUTER INC
972,12901,HAYNES INTERNATIONAL INC,haynesinternational,haynesinternational,100,23587.0,HAYNES INTERNATIONAL INC
973,5391,KAISER ALUMINUM CORP,kaiseraluminum,kaiseraluminum,100,24293.0,KAISER ALUMINUM CORP
974,9842,VISHAY INTERTECHNOLOGY INC,vishayintertechnology,vishayintertechnology,100,11191.0,VISHAY INTERTECHNOLOGY INC
975,1454,BOMBAY CO INC,bombaycompany,bombaycompany,100,10331.0,BOMBAY CO INC
976,30276,KOPPERS HOLDINGS INC,koppersholdings,koppersholdings,100,163113.0,KOPPERS HOLDINGS INC
977,30846,COMMVAULT SYSTEMS INC,commvaultsystems,commvaultsystems,100,174077.0,COMMVAULT SYSTEMS INC
978,31199,AEROVIRONMENT INC,aerovironment,aerovironment,100,176362.0,AEROVIRONMENT INC
979,31701,COVIDIEN PLC,covidien,covidien,100,177264.0,COVIDIEN PLC
980,31825,MASIMO CORP,masimo,masimo,100,177881.0,MASIMO CORP
981,32735,RACKSPACE HOSTING INC,rackspacehosting,rackspacehosting,100,179925.0,RACKSPACE HOSTING INC
982,32328,IPC THE HOSPITALIST CO INC,ipcthehospitalistcompany,diamondrockhospitalitycompany,72,160706.0,DIAMONDROCK HOSPITALITY CO
983,4488,HANCOCK FABRICS INC,hancockfabrics,hancockfabrics,100,13531.0,HANCOCK FABRICS INC
984,32485,HILLENBRAND INC,hillenbrand,hillenbrand,100,179657.0,HILLENBRAND INC
985,2785,DANA HOLDING CORP,danaholding,asaholdings,82,1849.0,ASA HOLDINGS INC
986,21406,W R GRACE & CO NEW,wrgraceconew,gracewrcompany,62,5250.0,GRACE (W R) & CO
987,32013,COMPELLENT TECHNOLOGIES INC,compellenttechnologies,compellenttechnologies,100,178548.0,COMPELLENT TECHNOLOGIES INC
988,27497,LORILLARD INC,lorillard,lorillard,100,147175.0,LORILLARD INC
989,1657,MODUSLINK GLOBAL SOLUTIONS INC,moduslinkglobalsolutions,omnovasolutions,67,124254.0,OMNOVA SOLUTIONS INC
990,32124,ENSIGN GROUP INC,ensigngroup,ensigngroup,100,178803.0,ENSIGN GROUP INC
991,28481,CONSTITUTION MINING CORP,constitutionmining,coeurmining,62,3153.0,COEUR MINING INC
992,5534,LSB INDUSTRIES INC,lsbindustries,lsbindustries,100,6528.0,LSB INDUSTRIES INC
993,32554,DR PEPPER SNAPPLE GROUP INC,drpeppersnapplegroup,drpeppersnapplegroup,100,179700.0,DR PEPPER SNAPPLE GROUP INC
994,4849,DINEEQUITY INC,dineequity,ingevity,67,27119.0,INGEVITY CORP
995,31746,DICE HOLDINGS INC,diceholdings,mdcholdings,87,6865.0,MDC HOLDINGS INC
996,23025,BUFFALO WILD WINGS INC,buffalowildwings,buffalowildwings,100,157218.0,BUFFALO WILD WINGS INC
997,13921,SOLUTIA INC,solutia,solutia,100,65350.0,SOLUTIA INC
998,32209,ENTROPIC COMMUNICATIONS INC,entropiccommunications,entropiccommunications,100,178943.0,ENTROPIC COMMUNICATIONS INC
999,9071,TECUMSEH PRODUCTS CO,tecumsehproductscompany,tecumsehproductscompany,100,10386.0,TECUMSEH PRODUCTS CO
1000,31779,MONOTYPE IMAGING HOLDINGS INC,monotypeimagingholdings,monotypeimagingholdings,100,177099.0,MONOTYPE IMAGING HOLDINGS
1001,32116,LUMBER LIQUIDATORS INC,lumberliquidators,aroliquidation,65,147661.0,ARO LIQUIDATION INC
1002,32080,GENOPTIX INC,genoptix,genoptix,100,178738.0,GENOPTIX INC
1003,3602,FEDERAL MOGUL CORP DE,federalmogulcorpde,federalmogulholdings,74,4600.0,FEDERAL-MOGUL HOLDINGS CORP
1004,32718,JOHN BEAN TECHNOLOGIES CORP,johnbeantechnologies,lonestartechnologies,80,6797.0,LONE STAR TECHNOLOGIES
1005,3321,ENCORE WIRE CORP,encorewire,encorewire,100,25572.0,ENCORE WIRE CORP
1006,1723,CACI INTERNATIONAL INC,caciinternational,lciinternational,91,28264.0,LCI INTERNATIONAL INC
1007,32712,GT ADVANCED TECHNOLOGIES INC,gtadvancedtechnologies,gtadvancedtechnologies,100,177895.0,GT ADVANCED TECHNOLOGIES INC
1008,33511,LOGMEIN INC,logmein,logmein,100,179666.0,LOGMEIN INC
1009,33701,STR HOLDINGS INC,strholdings,strholdings,100,180597.0,STR HOLDINGS INC
1010,33725,RUE21 INC,rue21,rue21,100,183570.0,RUE21 INC
1011,33432,SOLARWINDS INC,solarwinds,solarwinds,100,179690.0,SOLARWINDS CORP
1012,33769,AOL INC,aol,aol,100,183920.0,AOL INC
1013,147,AGCO CORP DE,agcocorpde,concordefs,70,3373.0,CONCORD EFS INC
1014,32526,INTREPID POTASH INC,intrepidpotash,intrepidpotash,100,179843.0,INTREPID POTASH INC
1015,25942,AMERICAN MEDICAL SYSTEMS HOLDINGS INC,americanmedicalsystemsholdings,americanmedicalsystmshlds,91,138741.0,AMERICAN MEDICAL SYSTMS HLDS
1016,7257,MEDNAX INC,mednax,mednax,100,61325.0,MEDNAX INC
1017,33500,MEDIDATA SOLUTIONS INC,medidatasolutions,medidatasolutions,100,182308.0,MEDIDATA SOLUTIONS INC
1018,9060,PULSE ELECTRONICS CORP,pulseelectronics,pulseelectronics,100,10374.0,PULSE ELECTRONICS CORP
1019,2641,CHEMTURA CORP,chemtura,chemtura,100,3607.0,CHEMTURA CORP
1020,19191,SPECTRUM BRANDS HOLDINGS INC,spectrumbrandsholdings,npcrestaurantholdings,70,7761.0,NPC RESTAURANT HOLDINGS LLC
1021,33780,KRATON PERFORMANCE POLYMERS INC,kratonperformancepolymers,actionperformancecos,76,28182.0,ACTION PERFORMANCE COS INC
1022,32845,GLOBE SPECIALTY METALS INC,globespecialtymetals,globespecialtymetals,100,274165.0,GLOBE SPECIALTY METALS INC
1023,30150,DEALERTRACK HOLDINGS INC,dealertrackholdings,dealertracktechnologies,76,164422.0,DEALERTRACK TECHNOLOGIES INC
1024,33961,SS&C TECHNOLOGIES HOLDINGS INC,ssctechnologiesholdings,ssctechnologieshldgs,93,62965.0,SS&C TECHNOLOGIES HLDGS INC
1025,33680,VITAMIN SHOPPE INC,vitaminshoppe,charmingshoppes,71,2938.0,CHARMING SHOPPES INC
1026,33840,QUINSTREET INC,quinstreet,quinstreet,100,184263.0,QUINSTREET INC
1027,31681,COMSCORE INC,comscore,comscore,100,177780.0,COMSCORE INC
1028,1904,CASCADE CORP,cascade,cascade,100,2802.0,CASCADE CORP
1029,12039,MEADE INSTRUMENTS CORP,meadeinstruments,meadeinstruments,100,64595.0,MEADE INSTRUMENTS CORP
1030,8792,SMURFIT STONE CONTAINER CORP NEW,smurfitstonecontainercorpnew,smurfitstonecontainer,86,6242.0,SMURFIT-STONE CONTAINER CORP
1031,33672,CAREFUSION CORP,carefusion,carefusion,100,183257.0,CAREFUSION CORP
1032,34428,GENERAL MOTORS CO,generalmotorscompany,generalmotorscompany,100,5073.0,GENERAL MOTORS CO
1033,34349,LYONDELLBASELL INDUSTRIES N V,lyondellbasellindustriesnv,lyondellbasellindustriesnv,100,294524.0,LYONDELLBASELL INDUSTRIES NV
1034,8455,SIGNET JEWELERS LTD,signetjewelers,sitecenters,64,27780.0,SITE CENTERS CORP
1035,3250,ELECTRONIC ARTS INC,electronicarts,electronicarts,100,16721.0,ELECTRONIC ARTS INC
1036,9714,VALENCE TECHNOLOGY INC,valencetechnology,valencetechnology,100,25224.0,VALENCE TECHNOLOGY INC
1037,5039,AEGION CORP,aegion,aegion,100,5978.0,AEGION CORP
1038,29292,SYMMETRY MEDICAL INC,symmetrymedical,symmetrymedical,100,160600.0,SYMMETRY MEDICAL INC
1039,2903,DESTINATION XL GROUP INC,destinationxlgroup,destinationxlgroup,100,13381.0,DESTINATION XL GROUP INC
1040,22627,MICROSTRATEGY INC,microstrategy,microstrategy,100,111534.0,MICROSTRATEGY INC
1041,25922,MERITOR INC,meritor,meritor,100,65399.0,MERITOR INC
1042,28587,PILGRIM S PRIDE CORP,pilgrimspride,pier1importsincde,67,8579.0,PIER 1 IMPORTS INC/DE
1043,1936,CATO CORP,cato,cabot,67,2593.0,CABOT CORP
1044,12613,OUTERWALL INC,outerwall,outerwall,100,65026.0,OUTERWALL INC
1045,1119,CASUAL MALE CORP MA,casualmalecorpma,casualmale,77,13292.0,CASUAL MALE CORP
1046,5071,INTEGRATED HEALTH SERVICES INC,integratedhealthservices,integratedhealthsvcs,91,23946.0,INTEGRATED HEALTH SVCS INC
1047,7833,READ RITE CORP,readrite,readrite,100,24608.0,READ-RITE CORP
1048,4558,HAUSER INC,hauser,hauser,100,20194.0,HAUSER INC
1049,8160,SONICBLUE INC,sonicblue,sonicblue,100,27903.0,SONICBLUE INC
1050,5069,INTEGRATED CIRCUIT SYSTEMS INC,integratedcircuitsystems,integratedcircuitsystems,100,24190.0,INTEGRATED CIRCUIT SYSTEMS
1051,3643,FILENE S BASEMENT CORP,filenesbasement,filenesbasement,100,23973.0,FILENES BASEMENT CORP
1052,3498,EXXON MOBIL CORP,exxonmobil,exxonmobil,100,4503.0,EXXON MOBIL CORP
1053,5164,INTERNATIONAL LOTTERY &TOTALIZTR SYS INC,internationallotterytotaliztrsys,intllotterytotalizator,74,6125.0,INTL LOTTERY & TOTALIZATOR
1054,2783,PROVELL INC,provell,provellinc,82,25096.0,PROVELL INC  -CL A
1055,6913,OFFICEMAX INC,officemax,officemax,100,2290.0,OFFICEMAX INC
1056,2235,CLIFFS NATURAL RESOURCES INC,cliffsnaturalresources,harvestnaturalresources,76,15291.0,HARVEST NATURAL RESOURCES
1057,2112,SLI INC,sli,lsi,67,6529.0,LSI CORP
1058,299,ADVANCED TISSUE SCIENCES INC,advancedtissuesciences,advancedtissuesci,87,14836.0,ADVANCED TISSUE SCI  -CL A
1059,6245,MICROAGE INC,microage,microage,100,13501.0,MICROAGE INC
1060,7020,ORION CAPITAL CORP,orioncapital,orioncapital,100,8186.0,ORION CAPITAL CORP
1061,12653,FRIEDE GOLDMAN HALTER INC,friedegoldmanhalter,friedegoldmanhalter,100,65135.0,FRIEDE GOLDMAN HALTER INC
1062,715,AMES DEPARTMENT STORES INC,amesdepartmentstores,amesdeptstores,82,1594.0,AMES DEPT STORES INC
1063,12092,EGGHEAD COM INC NEW,eggheadcomincnew,eggheadcom,77,64644.0,EGGHEAD.COM INC
1064,26518,AEROGEN INC,aerogen,ameren,77,10860.0,AMEREN CORP
1065,6540,NASHUA CORP,nashua,nashua,100,7692.0,NASHUA CORP
1066,6387,MONACO COACH CORP,monacocoach,monacocoach,100,28917.0,MONACO COACH CORP
1067,2888,DENDRITE INTERNATIONAL INC,dendriteinternational,dendriteinternational,100,60950.0,DENDRITE INTERNATIONAL INC
1068,27793,COMPUTER PROGRAMS & SYSTEMS INC,computerprogramssystems,sequentcomputersystems,67,13315.0,SEQUENT COMPUTER SYSTEMS INC
1069,1848,CARBO CERAMICS INC,carboceramics,carboceramics,100,62686.0,CARBO CERAMICS INC
1070,1739,CALDOR CORP,caldor,caldor,100,23942.0,CALDOR CORP
